words,pos,stemmed,type,postag,pattern
abidance,adj,n,strongsubj,_jj,^abidance_jj
abidance,noun,n,strongsubj,_nn,^abidance_nn
abilities,noun,n,weaksubj,_nn,^abilities_nn
ability,noun,n,weaksubj,_nn,^ability_nn
able,adj,n,weaksubj,_jj,^able_jj
above-average,adj,n,weaksubj,_jj,^above-average_jj
abundant,adj,n,weaksubj,_jj,^abundant_jj
abundance,noun,n,weaksubj,_nn,^abundance_nn
acceptance,noun,n,weaksubj,_nn,^acceptance_nn
acceptable,adj,n,weaksubj,_jj,^acceptable_jj
accessible,adj,n,weaksubj,_jj,^accessible_jj
acclaim,noun,n,strongsubj,_nn,^acclaim_nn
acclaimed,adj,n,strongsubj,_jj,^acclaimed_jj
accolade,noun,n,strongsubj,_nn,^accolade_nn
accolades,noun,n,strongsubj,_nn,^accolades_nn
accommodative,adj,n,weaksubj,_jj,^accommodative_jj
accomplishment,noun,n,weaksubj,_nn,^accomplishment_nn
accomplishments,noun,n,weaksubj,_nn,^accomplishments_nn
accordance,noun,n,weaksubj,_nn,^accordance_nn
accordantly,adverb,n,weaksubj,_rb,^accordantly_rb
accurate,adj,n,weaksubj,_jj,^accurate_jj
accurately,adj,n,weaksubj,_jj,^accurately_jj
achievable,adj,n,weaksubj,_jj,^achievable_jj
acknowledgement,noun,n,weaksubj,_nn,^acknowledgement_nn
active,adj,n,weaksubj,_jj,^active_jj
acumen,noun,n,strongsubj,_nn,^acumen_nn
adaptable,adj,n,weaksubj,_jj,^adaptable_jj
adaptability,noun,n,weaksubj,_nn,^adaptability_nn
adaptive,adj,n,weaksubj,_jj,^adaptive_jj
adept,adj,n,weaksubj,_jj,^adept_jj
adeptly,adverb,n,weaksubj,_rb,^adeptly_rb
adequate,adj,n,weaksubj,_jj,^adequate_jj
adherence,noun,n,weaksubj,_nn,^adherence_nn
adherent,adj,n,weaksubj,_jj,^adherent_jj
adhesion,noun,n,weaksubj,_nn,^adhesion_nn
admirable,adj,n,strongsubj,_jj,^admirable_jj
admirer,noun,n,strongsubj,_nn,^admirer_nn
admiration,noun,n,strongsubj,_nn,^admiration_nn
admiring,adj,n,strongsubj,_jj,^admiring_jj
admiringly,adj,n,strongsubj,_jj,^admiringly_jj
admission,adj,n,weaksubj,_jj,^admission_jj
admission,noun,n,weaksubj,_nn,^admission_nn
adorable,adj,n,strongsubj,_jj,^adorable_jj
adored,adj,n,strongsubj,_jj,^adored_jj
adorer,noun,n,strongsubj,_nn,^adorer_nn
adoring,adj,n,strongsubj,_jj,^adoring_jj
adroit,adj,n,strongsubj,_jj,^adroit_jj
adroitly,adj,n,strongsubj,_jj,^adroitly_jj
adulatory,adj,n,strongsubj,_jj,^adulatory_jj
advanced,adj,n,weaksubj,_jj,^advanced_jj
advantage,adj,n,weaksubj,_jj,^advantage_jj
advantage,noun,n,weaksubj,_nn,^advantage_nn
advantageous,adj,n,strongsubj,_jj,^advantageous_jj
advantages,adj,n,weaksubj,_jj,^advantages_jj
advantages,noun,n,weaksubj,_nn,^advantages_nn
adventure,adj,n,weaksubj,_jj,^adventure_jj
adventure,noun,n,weaksubj,_nn,^adventure_nn
adventuresome,noun,n,strongsubj,_nn,^adventuresome_nn
adventurism,noun,n,strongsubj,_nn,^adventurism_nn
adventurous,adj,n,weaksubj,_jj,^adventurous_jj
advice,adj,n,weaksubj,_jj,^advice_jj
advice,noun,n,weaksubj,_nn,^advice_nn
advisable,noun,n,weaksubj,_nn,^advisable_nn
advocacy,noun,n,strongsubj,_nn,^advocacy_nn
affable,adj,n,strongsubj,_jj,^affable_jj
affability,noun,n,weaksubj,_nn,^affability_nn
affably,adverb,n,weaksubj,_rb,^affably_rb
affection,adj,n,strongsubj,_jj,^affection_jj
affection,noun,n,strongsubj,_nn,^affection_nn
affectionate,adj,n,strongsubj,_jj,^affectionate_jj
affinity,noun,n,weaksubj,_nn,^affinity_nn
affirmation,adj,n,strongsubj,_jj,^affirmation_jj
affirmation,noun,n,strongsubj,_nn,^affirmation_nn
affirmative,noun,n,weaksubj,_nn,^affirmative_nn
affluent,adj,n,weaksubj,_jj,^affluent_jj
affluence,noun,n,weaksubj,_nn,^affluence_nn
affordable,adj,n,weaksubj,_jj,^affordable_jj
afloat,adj,n,weaksubj,_jj,^afloat_jj
agile,adj,n,weaksubj,_jj,^agile_jj
agilely,adverb,n,weaksubj,_rb,^agilely_rb
agility,noun,n,weaksubj,_nn,^agility_nn
agreeable,adj,n,weaksubj,_jj,^agreeable_jj
agreement,adj,n,weaksubj,_jj,^agreement_jj
agreement,noun,n,weaksubj,_nn,^agreement_nn
allowable,adj,n,weaksubj,_jj,^allowable_jj
allure,noun,n,strongsubj,_nn,^allure_nn
almighty,adj,n,strongsubj,_jj,^almighty_jj
altruist,noun,n,strongsubj,_nn,^altruist_nn
altruistic,adj,n,strongsubj,_jj,^altruistic_jj
altruistically,adj,n,strongsubj,_jj,^altruistically_jj
amazed,adj,n,strongsubj,_jj,^amazed_jj
amazement,noun,n,strongsubj,_nn,^amazement_nn
amazing,adj,n,strongsubj,_jj,^amazing_jj
ambitious,adj,n,weaksubj,_jj,^ambitious_jj
ambitious,noun,n,weaksubj,_nn,^ambitious_nn
amenable,adj,n,strongsubj,_jj,^amenable_jj
amenity,noun,n,weaksubj,_nn,^amenity_nn
amiability,noun,n,strongsubj,_nn,^amiability_nn
amiabily,adverb,n,strongsubj,_rb,^amiabily_rb
amiable,adj,n,strongsubj,_jj,^amiable_jj
amicability,noun,n,strongsubj,_nn,^amicability_nn
amicable,adj,n,strongsubj,_jj,^amicable_jj
amicably,adverb,n,strongsubj,_rb,^amicably_rb
amity,adj,n,weaksubj,_jj,^amity_jj
amity,noun,n,weaksubj,_nn,^amity_nn
amnesty,noun,n,weaksubj,_nn,^amnesty_nn
amour,noun,n,strongsubj,_nn,^amour_nn
ample,adj,n,weaksubj,_jj,^ample_jj
amply,adverb,n,weaksubj,_rb,^amply_rb
amusement,adj,n,strongsubj,_jj,^amusement_jj
amusement,noun,n,strongsubj,_nn,^amusement_nn
amusing,adj,n,strongsubj,_jj,^amusing_jj
angel,noun,n,weaksubj,_nn,^angel_nn
angelic,adj,n,strongsubj,_jj,^angelic_jj
animated,adj,n,weaksubj,_jj,^animated_jj
apostle,adj,n,strongsubj,_jj,^apostle_jj
apostle,noun,n,strongsubj,_nn,^apostle_nn
apotheosis,adj,n,strongsubj,_jj,^apotheosis_jj
apotheosis,noun,n,strongsubj,_nn,^apotheosis_nn
appeal,adj,n,weaksubj,_jj,^appeal_jj
appeal,noun,n,weaksubj,_nn,^appeal_nn
appealing,adj,n,strongsubj,_jj,^appealing_jj
appreciable,adj,n,weaksubj,_jj,^appreciable_jj
appreciation,adj,n,strongsubj,_jj,^appreciation_jj
appreciation,noun,n,strongsubj,_nn,^appreciation_nn
appropriate,adj,n,weaksubj,_jj,^appropriate_jj
approval,noun,n,weaksubj,_nn,^approval_nn
apt,adj,n,weaksubj,_jj,^apt_jj
aptly,adverb,n,weaksubj,_rb,^aptly_rb
aptitude,noun,n,weaksubj,_nn,^aptitude_nn
ardent,adj,n,strongsubj,_jj,^ardent_jj
ardor,noun,n,strongsubj,_nn,^ardor_nn
aristocratic,adj,n,weaksubj,_jj,^aristocratic_jj
arresting,adj,n,strongsubj,_jj,^arresting_jj
articulate,adj,n,strongsubj,_jj,^articulate_jj
ascendant,adj,n,strongsubj,_jj,^ascendant_jj
ascendant,noun,n,strongsubj,_nn,^ascendant_nn
ascertainable,adj,n,strongsubj,_jj,^ascertainable_jj
ascertainable,noun,n,strongsubj,_nn,^ascertainable_nn
aspiration,noun,n,strongsubj,_nn,^aspiration_nn
aspirations,adj,n,strongsubj,_jj,^aspirations_jj
aspirations,noun,n,strongsubj,_nn,^aspirations_nn
assertions,adj,n,strongsubj,_jj,^assertions_jj
assertions,noun,n,strongsubj,_nn,^assertions_nn
assertive,adj,n,weaksubj,_jj,^assertive_jj
asset,noun,n,weaksubj,_nn,^asset_nn
assiduous,adj,n,strongsubj,_jj,^assiduous_jj
assiduously,adverb,n,strongsubj,_rb,^assiduously_rb
assurance,adj,n,weaksubj,_jj,^assurance_jj
assurance,noun,n,weaksubj,_nn,^assurance_nn
assurances,adj,n,weaksubj,_jj,^assurances_jj
assurances,noun,n,weaksubj,_nn,^assurances_nn
astonished,adj,n,strongsubj,_jj,^astonished_jj
astonishing,adj,n,strongsubj,_jj,^astonishing_jj
astonishment,noun,n,strongsubj,_nn,^astonishment_nn
astounded,adj,n,strongsubj,_jj,^astounded_jj
astounding,adj,n,strongsubj,_jj,^astounding_jj
astute,adj,n,strongsubj,_jj,^astute_jj
astutely,adverb,n,strongsubj,_rb,^astutely_rb
asylum,adj,n,weaksubj,_jj,^asylum_jj
asylum,noun,n,weaksubj,_nn,^asylum_nn
attainable,adj,n,weaksubj,_jj,^attainable_jj
attentive,adj,n,strongsubj,_jj,^attentive_jj
attraction,adj,n,strongsubj,_jj,^attraction_jj
attraction,noun,n,strongsubj,_nn,^attraction_nn
attractive,adj,n,strongsubj,_jj,^attractive_jj
attractive,noun,n,strongsubj,_nn,^attractive_nn
attune,adj,n,weaksubj,_jj,^attune_jj
auspicious,adj,n,strongsubj,_jj,^auspicious_jj
authentic,adj,n,weaksubj,_jj,^authentic_jj
authoritative,adj,n,weaksubj,_jj,^authoritative_jj
award,adj,n,weaksubj,_jj,^award_jj
autonomous,adj,n,weaksubj,_jj,^autonomous_jj
avid,adj,n,strongsubj,_jj,^avid_jj
awe,noun,n,strongsubj,_nn,^awe_nn
awed,adj,n,strongsubj,_jj,^awed_jj
awesome,adj,n,strongsubj,_jj,^awesome_jj
awesomeness,noun,n,strongsubj,_nn,^awesomeness_nn
awestruck,adj,n,strongsubj,_jj,^awestruck_jj
backbone,noun,n,weaksubj,_nn,^backbone_nn
balanced,adj,n,weaksubj,_jj,^balanced_jj
bargain,noun,n,strongsubj,_nn,^bargain_nn
bargain,adj,n,strongsubj,_jj,^bargain_jj
basic,adj,n,weaksubj,_jj,^basic_jj
beacon,noun,n,weaksubj,_nn,^beacon_nn
beauteous,adj,n,strongsubj,_jj,^beauteous_jj
beautiful,adj,n,strongsubj,_jj,^beautiful_jj
beauty,noun,n,strongsubj,_nn,^beauty_nn
befitting,adj,n,strongsubj,_jj,^befitting_jj
believable,adj,n,strongsubj,_jj,^believable_jj
beloved,adj,n,strongsubj,_jj,^beloved_jj
benefactor,noun,n,weaksubj,_nn,^benefactor_nn
beneficial,adj,n,weaksubj,_jj,^beneficial_jj
beneficent,adj,n,strongsubj,_jj,^beneficent_jj
beneficiary,adj,n,strongsubj,_jj,^beneficiary_jj
beneficiary,noun,n,strongsubj,_nn,^beneficiary_nn
benefit,adj,n,weaksubj,_jj,^benefit_jj
benefit,noun,n,weaksubj,_nn,^benefit_nn
benefits,adj,n,weaksubj,_jj,^benefits_jj
benefits,noun,n,weaksubj,_nn,^benefits_nn
benevolence,noun,n,strongsubj,_nn,^benevolence_nn
benevolent,adj,n,strongsubj,_jj,^benevolent_jj
benign,adj,n,weaksubj,_jj,^benign_jj
best-known,adj,n,strongsubj,_jj,^best-known_jj
best-performing,adj,n,strongsubj,_jj,^best-performing_jj
best-selling,adj,n,weaksubj,_jj,^best-selling_jj
better,adj,n,strongsubj,_jj,^better_jj
better-known,adj,n,strongsubj,_jj,^better-known_jj
better-than-expected,adj,n,strongsubj,_jj,^better-than-expected_jj
blameless,adj,n,strongsubj,_jj,^blameless_jj
blessing,adj,n,strongsubj,_jj,^blessing_jj
blessing,noun,n,strongsubj,_nn,^blessing_nn
bliss,noun,n,strongsubj,_nn,^bliss_nn
blissful,adj,n,strongsubj,_jj,^blissful_jj
blissfully,adverb,n,strongsubj,_rb,^blissfully_rb
blithe,adj,n,strongsubj,_jj,^blithe_jj
bold,adj,n,strongsubj,_jj,^bold_jj
boldly,adverb,n,strongsubj,_rb,^boldly_rb
boldness,noun,n,strongsubj,_nn,^boldness_nn
bonny,adj,n,strongsubj,_jj,^bonny_jj
bonus,noun,n,weaksubj,_nn,^bonus_nn
boom,noun,n,weaksubj,_nn,^boom_nn
booming,adj,n,weaksubj,_jj,^booming_jj
boost,adj,n,weaksubj,_jj,^boost_jj
boundless,adj,n,strongsubj,_jj,^boundless_jj
bountiful,adj,n,strongsubj,_jj,^bountiful_jj
brains,adj,n,strongsubj,_jj,^brains_jj
brains,noun,n,strongsubj,_nn,^brains_nn
brainy,adj,n,strongsubj,_jj,^brainy_jj
brave,adj,n,strongsubj,_jj,^brave_jj
bravery,adj,n,strongsubj,_jj,^bravery_jj
bravery,noun,n,strongsubj,_nn,^bravery_nn
breakthrough,adj,n,weaksubj,_jj,^breakthrough_jj
breakthrough,noun,n,weaksubj,_nn,^breakthrough_nn
breakthroughs,adj,n,weaksubj,_jj,^breakthroughs_jj
breakthroughs,noun,n,weaksubj,_nn,^breakthroughs_nn
breathlessness,adj,n,strongsubj,_jj,^breathlessness_jj
breathlessness,noun,n,strongsubj,_nn,^breathlessness_nn
breathtaking,adj,n,strongsubj,_jj,^breathtaking_jj
bright,adj,n,weaksubj,_jj,^bright_jj
brightness,noun,n,weaksubj,_nn,^brightness_nn
brilliance,noun,n,weaksubj,_nn,^brilliance_nn
brilliant,adj,n,strongsubj,_jj,^brilliant_jj
brisk,adj,n,weaksubj,_jj,^brisk_jj
broad,adj,n,weaksubj,_jj,^broad_jj
brotherly,adj,n,weaksubj,_jj,^brotherly_jj
bull,adj,n,weaksubj,_jj,^bull_jj
bull,noun,n,weaksubj,_nn,^bull_nn
bullish,adj,n,weaksubj,_jj,^bullish_jj
bullish,noun,n,weaksubj,_nn,^bullish_nn
buoyant,adj,n,weaksubj,_jj,^buoyant_jj
calm,adj,n,weaksubj,_jj,^calm_jj
calmness,noun,n,weaksubj,_nn,^calmness_nn
candid,adj,n,strongsubj,_jj,^candid_jj
candor,noun,n,strongsubj,_nn,^candor_nn
capable,adj,n,weaksubj,_jj,^capable_jj
capability,noun,n,weaksubj,_nn,^capability_nn
capably,adj,n,weaksubj,_jj,^capably_jj
captivating,adj,n,strongsubj,_jj,^captivating_jj
captivation,noun,n,strongsubj,_nn,^captivation_nn
carefree,adj,n,strongsubj,_jj,^carefree_jj
careful,adj,n,weaksubj,_jj,^careful_jj
catalyst,adj,n,strongsubj,_jj,^catalyst_jj
catalyst,noun,n,strongsubj,_nn,^catalyst_nn
catchy,adj,n,strongsubj,_jj,^catchy_jj
celebrated,adj,n,strongsubj,_jj,^celebrated_jj
celebration,noun,n,strongsubj,_nn,^celebration_nn
celebrity,noun,n,weaksubj,_nn,^celebrity_nn
champion,adj,n,weaksubj,_jj,^champion_jj
champ,noun,n,weaksubj,_nn,^champ_nn
champion,noun,n,weaksubj,_nn,^champion_nn
charismatic,adj,n,strongsubj,_jj,^charismatic_jj
charitable,adj,n,weaksubj,_jj,^charitable_jj
charitable,noun,n,weaksubj,_nn,^charitable_nn
charity,noun,n,weaksubj,_nn,^charity_nn
charm,adj,n,strongsubj,_jj,^charm_jj
charm,noun,n,strongsubj,_nn,^charm_nn
charming,adj,n,strongsubj,_jj,^charming_jj
charmingly,adj,n,strongsubj,_jj,^charmingly_jj
chaste,adj,n,strongsubj,_jj,^chaste_jj
cheer,noun,n,strongsubj,_nn,^cheer_nn
cheery,adj,n,strongsubj,_jj,^cheery_jj
cheerful,adj,n,strongsubj,_jj,^cheerful_jj
cherished,adj,n,strongsubj,_jj,^cherished_jj
cherub,noun,n,strongsubj,_nn,^cherub_nn
chic,adj,n,strongsubj,_jj,^chic_jj
chivalry,noun,n,strongsubj,_nn,^chivalry_nn
chivalrous,adj,n,strongsubj,_jj,^chivalrous_jj
chum,noun,n,weaksubj,_nn,^chum_nn
civility,noun,n,strongsubj,_nn,^civility_nn
civilization,noun,n,weaksubj,_nn,^civilization_nn
civilize,adj,n,weaksubj,_jj,^civilize_jj
civil,adj,n,weaksubj,_jj,^civil_jj
clarity,adj,n,weaksubj,_jj,^clarity_jj
classic,noun,n,weaksubj,_nn,^classic_nn
clean,adj,n,weaksubj,_jj,^clean_jj
cleanliness,noun,n,weaksubj,_nn,^cleanliness_nn
cleanse,verb,n,weaksubj,_vb,^cleanse_vb
clear-cut,adj,n,strongsubj,_jj,^clear-cut_jj
clearer,adj,n,strongsubj,_jj,^clearer_jj
clearer,noun,n,strongsubj,_nn,^clearer_nn
clever,adj,n,strongsubj,_jj,^clever_jj
closeness,adj,n,strongsubj,_jj,^closeness_jj
closeness,noun,n,strongsubj,_nn,^closeness_nn
clout,adj,n,strongsubj,_jj,^clout_jj
clout,noun,n,strongsubj,_nn,^clout_nn
co-operation,adj,n,weaksubj,_jj,^co-operation_jj
co-operation,noun,n,weaksubj,_nn,^co-operation_nn
cogent,adj,n,strongsubj,_jj,^cogent_jj
cohesive,adj,n,weaksubj,_jj,^cohesive_jj
coherence,adj,n,strongsubj,_jj,^coherence_jj
coherence,noun,n,strongsubj,_nn,^coherence_nn
coherent,adj,n,weaksubj,_jj,^coherent_jj
cohesion,noun,n,weaksubj,_nn,^cohesion_nn
cohesive,adj,n,weaksubj,_jj,^cohesive_jj
colorful,adj,n,weaksubj,_jj,^colorful_jj
colossal,adj,n,weaksubj,_jj,^colossal_jj
comeback,adj,n,weaksubj,_jj,^comeback_jj
comeback,noun,n,weaksubj,_nn,^comeback_nn
comely,adj,n,strongsubj,_jj,^comely_jj
comfortable,adj,n,weaksubj,_jj,^comfortable_jj
comfortable,noun,n,weaksubj,_nn,^comfortable_nn
comfortably,adverb,n,weaksubj,_rb,^comfortably_rb
commendable,adj,n,strongsubj,_jj,^commendable_jj
commendably,adverb,n,strongsubj,_rb,^commendably_rb
commensurate,adj,n,weaksubj,_jj,^commensurate_jj
commonsense,noun,n,weaksubj,_nn,^commonsense_nn
commonsensible,adj,n,weaksubj,_jj,^commonsensible_jj
commonsensibly,adverb,n,weaksubj,_rb,^commonsensibly_rb
commonsensical,adj,n,weaksubj,_jj,^commonsensical_jj
commodious,adj,n,weaksubj,_jj,^commodious_jj
commitment,adj,n,weaksubj,_jj,^commitment_jj
commitment,noun,n,weaksubj,_nn,^commitment_nn
compact,adj,n,weaksubj,_jj,^compact_jj
compassion,noun,n,strongsubj,_nn,^compassion_nn
compassionate,adj,n,strongsubj,_jj,^compassionate_jj
compatible,adj,n,weaksubj,_jj,^compatible_jj
compatible,noun,n,weaksubj,_nn,^compatible_nn
compelling,adj,n,strongsubj,_jj,^compelling_jj
compelling,noun,n,strongsubj,_nn,^compelling_nn
competent,adj,n,weaksubj,_jj,^competent_jj
competence,noun,n,weaksubj,_nn,^competence_nn
competency,noun,n,weaksubj,_nn,^competency_nn
competitive,adj,n,weaksubj,_jj,^competitive_jj
competitive,noun,n,weaksubj,_nn,^competitive_nn
complement,noun,n,strongsubj,_nn,^complement_nn
compliant,adj,n,strongsubj,_jj,^compliant_jj
compliant,noun,n,strongsubj,_nn,^compliant_nn
comprehensive,adj,n,weaksubj,_jj,^comprehensive_jj
compromise,adj,n,weaksubj,_jj,^compromise_jj
compromise,noun,n,weaksubj,_nn,^compromise_nn
compromises,adj,n,weaksubj,_jj,^compromises_jj
compromises,noun,n,weaksubj,_nn,^compromises_nn
comrades,adj,n,strongsubj,_jj,^comrades_jj
comrades,noun,n,strongsubj,_nn,^comrades_nn
conceivable,adj,n,strongsubj,_jj,^conceivable_jj
conceivable,noun,n,strongsubj,_nn,^conceivable_nn
conciliatory,adj,n,strongsubj,_jj,^conciliatory_jj
conclusive,adj,n,weaksubj,_jj,^conclusive_jj
concrete,adj,n,weaksubj,_jj,^concrete_jj
conducive,adj,n,weaksubj,_jj,^conducive_jj
conducive,noun,n,weaksubj,_nn,^conducive_nn
confidence,adj,n,strongsubj,_jj,^confidence_jj
confidence,noun,n,strongsubj,_nn,^confidence_nn
confident,adj,n,strongsubj,_jj,^confident_jj
congenial,adj,n,strongsubj,_jj,^congenial_jj
congratulations,adj,n,strongsubj,_jj,^congratulations_jj
congratulations,noun,n,strongsubj,_nn,^congratulations_nn
conscience,noun,n,weaksubj,_nn,^conscience_nn
conscientious,adj,n,strongsubj,_jj,^conscientious_jj
consensus,noun,n,strongsubj,_nn,^consensus_nn
considerate,adj,n,strongsubj,_jj,^considerate_jj
consistent,adj,n,weaksubj,_jj,^consistent_jj
constancy,noun,n,strongsubj,_nn,^constancy_nn
constructive,adj,n,weaksubj,_jj,^constructive_jj
constructive,adj,n,weaksubj,_jj,^constructive_jj
constructive,noun,n,weaksubj,_nn,^constructive_nn
consummate,adj,n,strongsubj,_jj,^consummate_jj
content,adj,n,strongsubj,_jj,^content_jj
contentment,noun,n,strongsubj,_nn,^contentment_nn
continuity,noun,n,weaksubj,_nn,^continuity_nn
contribution,adj,n,weaksubj,_jj,^contribution_jj
contribution,noun,n,weaksubj,_nn,^contribution_nn
convenient,adj,n,weaksubj,_jj,^convenient_jj
conviction,adj,n,weaksubj,_jj,^conviction_jj
conviction,noun,n,weaksubj,_nn,^conviction_nn
convincing,adj,n,strongsubj,_jj,^convincing_jj
convincing,noun,n,strongsubj,_nn,^convincing_nn
cooperation,adj,n,weaksubj,_jj,^cooperation_jj
cooperation,noun,n,weaksubj,_nn,^cooperation_nn
cooperative,adj,n,weaksubj,_jj,^cooperative_jj
cooperatively,adverb,n,weaksubj,_rb,^cooperatively_rb
cordial,adj,n,weaksubj,_jj,^cordial_jj
cornerstone,adj,n,strongsubj,_jj,^cornerstone_jj
cornerstone,noun,n,strongsubj,_nn,^cornerstone_nn
correct,adj,n,weaksubj,_jj,^correct_jj
cost-effective,adj,n,weaksubj,_jj,^cost-effective_jj
cost-saving,adj,n,weaksubj,_jj,^cost-saving_jj
courage,adj,n,strongsubj,_jj,^courage_jj
courage,noun,n,strongsubj,_nn,^courage_nn
courageous,adj,n,strongsubj,_jj,^courageous_jj
courageousness,noun,n,strongsubj,_nn,^courageousness_nn
courteous,adj,n,strongsubj,_jj,^courteous_jj
courtesy,noun,n,strongsubj,_nn,^courtesy_nn
courtly,adj,n,strongsubj,_jj,^courtly_jj
covenant,noun,n,weaksubj,_nn,^covenant_nn
cozy,adj,n,strongsubj,_jj,^cozy_jj
craving,noun,n,strongsubj,_nn,^craving_nn
creative,adj,n,strongsubj,_jj,^creative_jj
credence,adj,n,strongsubj,_jj,^credence_jj
credence,noun,n,strongsubj,_nn,^credence_nn
credible,adj,n,strongsubj,_jj,^credible_jj
crisp,adj,n,weaksubj,_jj,^crisp_jj
crusade,adj,n,strongsubj,_jj,^crusade_jj
crusade,noun,n,strongsubj,_nn,^crusade_nn
crusader,noun,n,strongsubj,_nn,^crusader_nn
cure-all,adj,n,strongsubj,_jj,^cure-all_jj
cure-all,noun,n,strongsubj,_nn,^cure-all_nn
cute,adj,n,strongsubj,_jj,^cute_jj
dance,noun,n,weaksubj,_nn,^dance_nn
dashing,adj,n,strongsubj,_jj,^dashing_jj
dauntless,adj,n,strongsubj,_jj,^dauntless_jj
dazzled,adj,n,strongsubj,_jj,^dazzled_jj
deal,noun,n,weaksubj,_nn,^deal_nn
dear,adj,n,strongsubj,_jj,^dear_jj
decent,adj,n,weaksubj,_jj,^decent_jj
decency,noun,n,weaksubj,_nn,^decency_nn
decisive,adj,n,weaksubj,_jj,^decisive_jj
decisiveness,adj,n,weaksubj,_jj,^decisiveness_jj
decisiveness,noun,n,weaksubj,_nn,^decisiveness_nn
dedicated,adj,n,strongsubj,_jj,^dedicated_jj
defender,adj,n,strongsubj,_jj,^defender_jj
defender,noun,n,strongsubj,_nn,^defender_nn
deference,noun,n,strongsubj,_nn,^deference_nn
defense,noun,n,weaksubj,_nn,^defense_nn
definite,adj,n,weaksubj,_jj,^definite_jj
definitive,adj,n,weaksubj,_jj,^definitive_jj
definitive,noun,n,weaksubj,_nn,^definitive_nn
deflationary,adj,n,weaksubj,_jj,^deflationary_jj
deft,adj,n,strongsubj,_jj,^deft_jj
delectable,adj,n,strongsubj,_jj,^delectable_jj
delicacy,noun,n,weaksubj,_nn,^delicacy_nn
delicate,adj,n,weaksubj,_jj,^delicate_jj
delicious,adj,n,strongsubj,_jj,^delicious_jj
delight,noun,n,strongsubj,_nn,^delight_nn
delighted,adj,n,strongsubj,_jj,^delighted_jj
delightful,adj,n,strongsubj,_jj,^delightful_jj
delightfulness,noun,n,strongsubj,_nn,^delightfulness_nn
democratic,adj,n,weaksubj,_jj,^democratic_jj
dependable,adj,n,weaksubj,_jj,^dependable_jj
deserved,adj,n,strongsubj,_jj,^deserved_jj
deservedly,adverb,n,strongsubj,_rb,^deservedly_rb
deserving,adj,n,strongsubj,_jj,^deserving_jj
desirable,adj,n,strongsubj,_jj,^desirable_jj
desire,adj,n,strongsubj,_jj,^desire_jj
desire,noun,n,strongsubj,_nn,^desire_nn
destined,adj,n,weaksubj,_jj,^destined_jj
destinies,adj,n,strongsubj,_jj,^destinies_jj
destinies,noun,n,strongsubj,_nn,^destinies_nn
destiny,noun,n,strongsubj,_nn,^destiny_nn
determination,adj,n,strongsubj,_jj,^determination_jj
determination,noun,n,strongsubj,_nn,^determination_nn
devoted,adj,n,strongsubj,_jj,^devoted_jj
devotee,noun,n,strongsubj,_nn,^devotee_nn
devotion,noun,n,strongsubj,_nn,^devotion_nn
devout,adj,n,weaksubj,_jj,^devout_jj
dexterity,noun,n,weaksubj,_nn,^dexterity_nn
dexterous,adj,n,strongsubj,_jj,^dexterous_jj
dexterously,adverb,n,strongsubj,_rb,^dexterously_rb
dextrous,adj,n,strongsubj,_jj,^dextrous_jj
dignified,adj,n,strongsubj,_jj,^dignified_jj
dignity,noun,n,strongsubj,_nn,^dignity_nn
diligence,noun,n,weaksubj,_nn,^diligence_nn
diligent,adj,n,weaksubj,_jj,^diligent_jj
diligently,adverb,n,weaksubj,_rb,^diligently_rb
diplomatic,adj,n,weaksubj,_jj,^diplomatic_jj
diplomatic,noun,n,weaksubj,_nn,^diplomatic_nn
discreet,adj,n,weaksubj,_jj,^discreet_jj
discreet,noun,n,weaksubj,_nn,^discreet_nn
discretion,noun,n,weaksubj,_nn,^discretion_nn
discriminating,adj,n,weaksubj,_jj,^discriminating_jj
discriminatingly,adverb,n,weaksubj,_rb,^discriminatingly_rb
distinct,adj,n,weaksubj,_jj,^distinct_jj
distinction,noun,n,weaksubj,_nn,^distinction_nn
distinctive,adj,n,weaksubj,_jj,^distinctive_jj
distinctive,adj,n,weaksubj,_jj,^distinctive_jj
distinctive,noun,n,weaksubj,_nn,^distinctive_nn
distinguished,adj,n,strongsubj,_jj,^distinguished_jj
diversified,adj,n,weaksubj,_jj,^diversified_jj
divine,adj,n,strongsubj,_jj,^divine_jj
dodge,adj,n,strongsubj,_jj,^dodge_jj
dodge,noun,n,strongsubj,_nn,^dodge_nn
dotingly,adverb,n,strongsubj,_rb,^dotingly_rb
doubtless,adverb,n,strongsubj,_rb,^doubtless_rb
dream,adj,n,weaksubj,_jj,^dream_jj
dream,noun,n,weaksubj,_nn,^dream_nn
dreamland,noun,n,strongsubj,_nn,^dreamland_nn
dreams,adj,n,weaksubj,_jj,^dreams_jj
dreams,noun,n,weaksubj,_nn,^dreams_nn
dreamy,adj,n,weaksubj,_jj,^dreamy_jj
drive,noun,n,weaksubj,_nn,^drive_nn
driven,adj,n,weaksubj,_jj,^driven_jj
durable,adj,n,weaksubj,_jj,^durable_jj
durability,noun,n,weaksubj,_nn,^durability_nn
dynamic,adj,n,weaksubj,_jj,^dynamic_jj
eager,adj,n,strongsubj,_jj,^eager_jj
eagerness,noun,n,strongsubj,_nn,^eagerness_nn
earnest,adj,n,strongsubj,_jj,^earnest_jj
ease,noun,n,weaksubj,_nn,^ease_nn
easy,adj,n,weaksubj,_jj,^easy_jj
easygoing,adj,n,strongsubj,_jj,^easygoing_jj
ebullience,noun,n,strongsubj,_nn,^ebullience_nn
ebullient,adj,n,strongsubj,_jj,^ebullient_jj
eclectic,adj,n,strongsubj,_jj,^eclectic_jj
economical,adj,n,weaksubj,_jj,^economical_jj
ecstasies,noun,n,strongsubj,_nn,^ecstasies_nn
ecstasy,noun,n,strongsubj,_nn,^ecstasy_nn
ecstatic,adj,n,strongsubj,_jj,^ecstatic_jj
educable,adj,n,weaksubj,_jj,^educable_jj
educated,adj,n,weaksubj,_jj,^educated_jj
educational,adj,n,weaksubj,_jj,^educational_jj
effective,adj,n,weaksubj,_jj,^effective_jj
effectiveness,noun,n,weaksubj,_nn,^effectiveness_nn
effectual,adj,n,weaksubj,_jj,^effectual_jj
efficacious,adj,n,weaksubj,_jj,^efficacious_jj
efficiency,noun,n,weaksubj,_nn,^efficiency_nn
efficient,adj,n,weaksubj,_jj,^efficient_jj
effortless,adj,n,strongsubj,_jj,^effortless_jj
effortlessly,adverb,n,strongsubj,_rb,^effortlessly_rb
effusion,noun,n,strongsubj,_nn,^effusion_nn
effusive,adj,n,strongsubj,_jj,^effusive_jj
effusiveness,noun,n,strongsubj,_nn,^effusiveness_nn
egalitarian,adj,n,weaksubj,_jj,^egalitarian_jj
elan,noun,n,strongsubj,_nn,^elan_nn
elated,adj,n,strongsubj,_jj,^elated_jj
elatedly,adverb,n,strongsubj,_rb,^elatedly_rb
elation,noun,n,strongsubj,_nn,^elation_nn
electrification,adj,n,strongsubj,_jj,^electrification_jj
electrification,noun,n,strongsubj,_nn,^electrification_nn
elegance,noun,n,strongsubj,_nn,^elegance_nn
elegant,adj,n,strongsubj,_jj,^elegant_jj
elegantly,adverb,n,strongsubj,_rb,^elegantly_rb
elevated,adj,n,weaksubj,_jj,^elevated_jj
eligible,adj,n,weaksubj,_jj,^eligible_jj
eloquence,noun,n,strongsubj,_nn,^eloquence_nn
eloquent,adj,n,strongsubj,_jj,^eloquent_jj
eminence,noun,n,strongsubj,_nn,^eminence_nn
eminent,adj,n,strongsubj,_jj,^eminent_jj
empowerment,noun,n,weaksubj,_nn,^empowerment_nn
encouragement,adj,n,strongsubj,_jj,^encouragement_jj
encouragement,noun,n,strongsubj,_nn,^encouragement_nn
encouraging,adj,n,strongsubj,_jj,^encouraging_jj
encouraging,noun,n,strongsubj,_nn,^encouraging_nn
endearing,adj,n,strongsubj,_jj,^endearing_jj
endorsement,adj,n,strongsubj,_jj,^endorsement_jj
endorsement,noun,n,strongsubj,_nn,^endorsement_nn
endorser,noun,n,strongsubj,_nn,^endorser_nn
endurable,adj,n,strongsubj,_jj,^endurable_jj
enduring,adj,n,strongsubj,_jj,^enduring_jj
energetic,adj,n,weaksubj,_jj,^energetic_jj
energetic,noun,n,weaksubj,_nn,^energetic_nn
engaging,adj,n,strongsubj,_jj,^engaging_jj
enhanced,adj,n,weaksubj,_jj,^enhanced_jj
enhancement,noun,n,weaksubj,_nn,^enhancement_nn
enjoyable,adj,n,strongsubj,_jj,^enjoyable_jj
enjoyably,adverb,n,strongsubj,_rb,^enjoyably_rb
enjoyment,noun,n,strongsubj,_nn,^enjoyment_nn
enlightenment,noun,n,weaksubj,_nn,^enlightenment_nn
enrapt,adj,n,strongsubj,_jj,^enrapt_jj
enrichment,noun,n,weaksubj,_nn,^enrichment_nn
enterprising,adj,n,weaksubj,_jj,^enterprising_jj
entertaining,adj,n,strongsubj,_jj,^entertaining_jj
enthusiasm,noun,n,strongsubj,_nn,^enthusiasm_nn
enthusiast,noun,n,strongsubj,_nn,^enthusiast_nn
enthusiastic,adj,n,strongsubj,_jj,^enthusiastic_jj
enthusiastically,adverb,n,strongsubj,_rb,^enthusiastically_rb
entrancing,adj,n,strongsubj,_jj,^entrancing_jj
enviable,adj,n,strongsubj,_jj,^enviable_jj
envisions,adj,n,weaksubj,_jj,^envisions_jj
envisions,noun,n,weaksubj,_nn,^envisions_nn
epic,adj,n,strongsubj,_jj,^epic_jj
epitome,noun,n,strongsubj,_nn,^epitome_nn
equality,adj,n,weaksubj,_jj,^equality_jj
equality,noun,n,weaksubj,_nn,^equality_nn
equitable,adj,n,weaksubj,_jj,^equitable_jj
erudite,adj,n,strongsubj,_jj,^erudite_jj
essential,adj,n,weaksubj,_jj,^essential_jj
esteem,noun,n,strongsubj,_nn,^esteem_nn
established,adj,n,weaksubj,_jj,^established_jj
eternity,adj,n,strongsubj,_jj,^eternity_jj
eternity,noun,n,strongsubj,_nn,^eternity_nn
ethical,adj,n,strongsubj,_jj,^ethical_jj
euphoria,noun,n,strongsubj,_nn,^euphoria_nn
euphoric,adj,n,strongsubj,_jj,^euphoric_jj
even,adverb,n,weaksubj,_rb,^even_rb
evenly,adverb,n,weaksubj,_rb,^evenly_rb
eventful,adj,n,weaksubj,_jj,^eventful_jj
everlasting,adj,n,strongsubj,_jj,^everlasting_jj
evocative,adj,n,strongsubj,_jj,^evocative_jj
exalt,adj,n,strongsubj,_jj,^exalt_jj
exaltation,noun,n,strongsubj,_nn,^exaltation_nn
exalted,adj,n,strongsubj,_jj,^exalted_jj
exaltedly,adverb,n,strongsubj,_rb,^exaltedly_rb
exalting,adj,n,strongsubj,_jj,^exalting_jj
exceeding,adj,n,strongsubj,_jj,^exceeding_jj
excellence,noun,n,strongsubj,_nn,^excellence_nn
excellency,noun,n,strongsubj,_nn,^excellency_nn
excited,adj,n,strongsubj,_jj,^excited_jj
excitedness,noun,n,strongsubj,_nn,^excitedness_nn
excitement,noun,n,strongsubj,_nn,^excitement_nn
exciting,adj,n,strongsubj,_jj,^exciting_jj
excitingly,adverb,n,strongsubj,_rb,^excitingly_rb
exclusive,adj,n,weaksubj,_jj,^exclusive_jj
excusable,adj,n,strongsubj,_jj,^excusable_jj
excusable,noun,n,strongsubj,_nn,^excusable_nn
exemplar,noun,n,strongsubj,_nn,^exemplar_nn
exemplary,adj,n,strongsubj,_jj,^exemplary_jj
exhaustive,adj,n,weaksubj,_jj,^exhaustive_jj
exhaustively,adverb,n,weaksubj,_rb,^exhaustively_rb
exhilaration,noun,n,strongsubj,_nn,^exhilaration_nn
expansive,adj,n,strongsubj,_jj,^expansive_jj
experienced,adj,n,weaksubj,_jj,^experienced_jj
expert,adj,n,weaksubj,_jj,^expert_jj
expertly,adverb,n,strongsubj,_rb,^expertly_rb
explicit,adj,n,strongsubj,_jj,^explicit_jj
explicitly,adverb,n,strongsubj,_rb,^explicitly_rb
expressive,adj,n,weaksubj,_jj,^expressive_jj
exquisite,adj,n,strongsubj,_jj,^exquisite_jj
exquisitely,adverb,n,strongsubj,_rb,^exquisitely_rb
exuberance,noun,n,strongsubj,_nn,^exuberance_nn
exuberant,adj,n,strongsubj,_jj,^exuberant_jj
exultation,noun,n,strongsubj,_nn,^exultation_nn
fabulous,adj,n,strongsubj,_jj,^fabulous_jj
fair,adj,n,weaksubj,_jj,^fair_jj
fair,noun,n,weaksubj,_nn,^fair_nn
fairly,adverb,n,weaksubj,_rb,^fairly_rb
fairness,adj,n,weaksubj,_jj,^fairness_jj
fairness,noun,n,weaksubj,_nn,^fairness_nn
faith,adj,n,strongsubj,_jj,^faith_jj
faith,noun,n,strongsubj,_nn,^faith_nn
faithful,adj,n,strongsubj,_jj,^faithful_jj
faithful,noun,n,strongsubj,_nn,^faithful_nn
faithfulness,noun,n,strongsubj,_nn,^faithfulness_nn
famed,adj,n,weaksubj,_jj,^famed_jj
fame,noun,n,strongsubj,_nn,^fame_nn
famed,adj,n,strongsubj,_jj,^famed_jj
famous,adj,n,weaksubj,_jj,^famous_jj
famously,adj,n,strongsubj,_jj,^famously_jj
fancy,adj,n,strongsubj,_jj,^fancy_jj
fanfare,adj,n,strongsubj,_jj,^fanfare_jj
fanfare,noun,n,strongsubj,_nn,^fanfare_nn
fantasy,adj,n,strongsubj,_jj,^fantasy_jj
fantasy,noun,n,strongsubj,_nn,^fantasy_nn
farsighted,adj,n,weaksubj,_jj,^farsighted_jj
fashionable,adj,n,strongsubj,_jj,^fashionable_jj
fashionably,adverb,n,strongsubj,_rb,^fashionably_rb
fast-growing,adj,n,weaksubj,_jj,^fast-growing_jj
fast-paced,adj,n,weaksubj,_jj,^fast-paced_jj
fastest-growing,adj,n,weaksubj,_jj,^fastest-growing_jj
favor,adj,n,weaksubj,_jj,^favor_jj
favor,noun,n,weaksubj,_nn,^favor_nn
favorable,adj,n,strongsubj,_jj,^favorable_jj
favored,adj,n,weaksubj,_jj,^favored_jj
favorite,adj,n,strongsubj,_jj,^favorite_jj
favour,noun,n,strongsubj,_nn,^favour_nn
fearless,adj,n,strongsubj,_jj,^fearless_jj
fearlessly,adverb,n,strongsubj,_rb,^fearlessly_rb
feasible,adj,n,weaksubj,_jj,^feasible_jj
feasibly,adverb,n,weaksubj,_rb,^feasibly_rb
feat,noun,n,weaksubj,_nn,^feat_nn
feisty,adj,n,strongsubj,_jj,^feisty_jj
feisty,noun,n,strongsubj,_nn,^feisty_nn
felicitous,adj,n,strongsubj,_jj,^felicitous_jj
felicity,noun,n,strongsubj,_nn,^felicity_nn
fertile,adj,n,weaksubj,_jj,^fertile_jj
fertile,noun,n,weaksubj,_nn,^fertile_nn
fervent,adj,n,strongsubj,_jj,^fervent_jj
fervid,adj,n,strongsubj,_jj,^fervid_jj
fervor,noun,n,strongsubj,_nn,^fervor_nn
festive,adj,n,strongsubj,_jj,^festive_jj
fidelity,noun,n,strongsubj,_nn,^fidelity_nn
fiery,adj,n,weaksubj,_jj,^fiery_jj
fine,adj,n,weaksubj,_jj,^fine_jj
finely,adj,n,strongsubj,_jj,^finely_jj
first-class,adj,n,weaksubj,_jj,^first-class_jj
first-rate,adj,n,strongsubj,_jj,^first-rate_jj
fit,adj,n,strongsubj,_jj,^fit_jj
fitting,adj,n,strongsubj,_jj,^fitting_jj
flair,noun,n,weaksubj,_nn,^flair_nn
flame,adj,n,weaksubj,_jj,^flame_jj
flame,noun,n,weaksubj,_nn,^flame_nn
flattering,adj,n,strongsubj,_jj,^flattering_jj
flatteringly,adverb,n,strongsubj,_rb,^flatteringly_rb
flawless,adj,n,strongsubj,_jj,^flawless_jj
flawlessly,adverb,n,strongsubj,_rb,^flawlessly_rb
flexible,adj,n,strongsubj,_jj,^flexible_jj
flourish,adj,n,strongsubj,_jj,^flourish_jj
flourishing,adj,n,strongsubj,_jj,^flourishing_jj
fluent,adj,n,weaksubj,_jj,^fluent_jj
fond,adj,n,strongsubj,_jj,^fond_jj
fondly,adverb,n,strongsubj,_rb,^fondly_rb
fondness,noun,n,strongsubj,_nn,^fondness_nn
foolproof,adj,n,weaksubj,_jj,^foolproof_jj
foremost,adj,n,strongsubj,_jj,^foremost_jj
foresight,noun,n,strongsubj,_nn,^foresight_nn
forgave,verb,n,strongsubj,_vb,^forgave_vb
forgiven,adj,n,strongsubj,_jj,^forgiven_jj
forgiveness,noun,n,strongsubj,_nn,^forgiveness_nn
fortitude,noun,n,strongsubj,_nn,^fortitude_nn
fortuitous,adj,n,strongsubj,_jj,^fortuitous_jj
fortuitously,adj,n,strongsubj,_jj,^fortuitously_jj
fortunate,adj,n,weaksubj,_jj,^fortunate_jj
fortune,adj,n,strongsubj,_jj,^fortune_jj
fortune,noun,n,strongsubj,_nn,^fortune_nn
fragrant,adj,n,strongsubj,_jj,^fragrant_jj
frank,adj,n,strongsubj,_jj,^frank_jj
free,adj,n,weaksubj,_jj,^free_jj
freedom,adj,n,weaksubj,_jj,^freedom_jj
freedom,noun,n,weaksubj,_nn,^freedom_nn
freedoms,adj,n,weaksubj,_jj,^freedoms_jj
freedoms,noun,n,weaksubj,_nn,^freedoms_nn
fresh,adj,n,weaksubj,_jj,^fresh_jj
friend,adj,n,weaksubj,_jj,^friend_jj
friend,noun,n,weaksubj,_nn,^friend_nn
friendliness,adj,n,strongsubj,_jj,^friendliness_jj
friendliness,noun,n,strongsubj,_nn,^friendliness_nn
friendly,adj,n,strongsubj,_jj,^friendly_jj
friends,adj,n,weaksubj,_jj,^friends_jj
friends,noun,n,weaksubj,_nn,^friends_nn
friendship,adj,n,weaksubj,_jj,^friendship_jj
friendship,noun,n,weaksubj,_nn,^friendship_nn
fruitful,adj,n,weaksubj,_jj,^fruitful_jj
fulfillment,adj,n,weaksubj,_jj,^fulfillment_jj
fulfillment,noun,n,weaksubj,_nn,^fulfillment_nn
full-fledged,adj,n,weaksubj,_jj,^full-fledged_jj
fun,adj,n,strongsubj,_jj,^fun_jj
functional,adj,n,weaksubj,_jj,^functional_jj
funny,adj,n,strongsubj,_jj,^funny_jj
gaiety,noun,n,strongsubj,_nn,^gaiety_nn
gaily,adverb,n,strongsubj,_rb,^gaily_rb
gain,noun,n,weaksubj,_nn,^gain_nn
gainful,adj,n,strongsubj,_jj,^gainful_jj
gainfully,adverb,n,strongsubj,_rb,^gainfully_rb
gallant,adj,n,strongsubj,_jj,^gallant_jj
gallantly,adverb,n,strongsubj,_rb,^gallantly_rb
gem,adj,n,weaksubj,_jj,^gem_jj
gem,noun,n,weaksubj,_nn,^gem_nn
gems,adj,n,weaksubj,_jj,^gems_jj
gems,noun,n,weaksubj,_nn,^gems_nn
generosity,noun,n,strongsubj,_nn,^generosity_nn
generous,adj,n,strongsubj,_jj,^generous_jj
generously,adj,n,strongsubj,_jj,^generously_jj
genial,adj,n,weaksubj,_jj,^genial_jj
genius,noun,n,strongsubj,_nn,^genius_nn
gentle,adj,n,weaksubj,_jj,^gentle_jj
genuine,adj,n,weaksubj,_jj,^genuine_jj
germane,adj,n,weaksubj,_jj,^germane_jj
giddy,adj,n,strongsubj,_jj,^giddy_jj
gifted,adj,n,strongsubj,_jj,^gifted_jj
glad,adj,n,strongsubj,_jj,^glad_jj
gladly,adverb,n,strongsubj,_rb,^gladly_rb
gladness,noun,n,strongsubj,_nn,^gladness_nn
glamorous,adj,n,strongsubj,_jj,^glamorous_jj
glee,noun,n,strongsubj,_nn,^glee_nn
glimmer,adj,n,strongsubj,_jj,^glimmer_jj
glimmer,noun,n,strongsubj,_nn,^glimmer_nn
glisten,adj,n,strongsubj,_jj,^glisten_jj
glitter,adj,n,strongsubj,_jj,^glitter_jj
glorious,adj,n,strongsubj,_jj,^glorious_jj
glory,noun,n,strongsubj,_nn,^glory_nn
glossy,adj,n,strongsubj,_jj,^glossy_jj
go-ahead,adj,n,weaksubj,_jj,^go-ahead_jj
go-ahead,noun,n,weaksubj,_nn,^go-ahead_nn
gold,noun,n,weaksubj,_nn,^gold_nn
golden,adj,n,weaksubj,_jj,^golden_jj
goodly,adverb,n,weaksubj,_rb,^goodly_rb
goodness,noun,n,strongsubj,_nn,^goodness_nn
goodwill,adj,n,strongsubj,_jj,^goodwill_jj
goodwill,noun,n,strongsubj,_nn,^goodwill_nn
gorgeous,adj,n,strongsubj,_jj,^gorgeous_jj
grace,noun,n,strongsubj,_nn,^grace_nn
graceful,adj,n,strongsubj,_jj,^graceful_jj
gracefully,adverb,n,strongsubj,_rb,^gracefully_rb
gracious,adj,n,strongsubj,_jj,^gracious_jj
graciously,adverb,n,strongsubj,_rb,^graciously_rb
graciousness,noun,n,strongsubj,_nn,^graciousness_nn
grail,adj,n,weaksubj,_jj,^grail_jj
grail,noun,n,weaksubj,_nn,^grail_nn
grand,adj,n,weaksubj,_jj,^grand_jj
grandeur,noun,n,strongsubj,_nn,^grandeur_nn
grateful,adj,n,strongsubj,_jj,^grateful_jj
gratification,noun,n,strongsubj,_nn,^gratification_nn
gratitude,adj,n,strongsubj,_jj,^gratitude_jj
gratitude,noun,n,strongsubj,_nn,^gratitude_nn
great,adj,n,strongsubj,_jj,^great_jj
greatest,adj,n,strongsubj,_jj,^greatest_jj
greatness,noun,n,strongsubj,_nn,^greatness_nn
grit,adj,n,strongsubj,_jj,^grit_jj
grit,noun,n,strongsubj,_nn,^grit_nn
groundbreaking,adj,n,strongsubj,_jj,^groundbreaking_jj
groundbreaking,noun,n,strongsubj,_nn,^groundbreaking_nn
guarantee,noun,n,weaksubj,_nn,^guarantee_nn
guardian,noun,n,weaksubj,_nn,^guardian_nn
guidance,adj,n,weaksubj,_jj,^guidance_jj
guidance,noun,n,weaksubj,_nn,^guidance_nn
guiltless,adj,n,strongsubj,_jj,^guiltless_jj
gumption,noun,n,strongsubj,_nn,^gumption_nn
gusto,noun,n,strongsubj,_nn,^gusto_nn
gutsy,adj,n,strongsubj,_jj,^gutsy_jj
halcyon,adj,n,strongsubj,_jj,^halcyon_jj
hale,adj,n,strongsubj,_jj,^hale_jj
hallowed,adj,n,strongsubj,_jj,^hallowed_jj
handily,adverb,n,strongsubj,_rb,^handily_rb
handsome,adj,n,strongsubj,_jj,^handsome_jj
handy,adj,n,strongsubj,_jj,^handy_jj
happily,adverb,n,strongsubj,_rb,^happily_rb
happiness,noun,n,strongsubj,_nn,^happiness_nn
happy,adj,n,strongsubj,_jj,^happy_jj
hard-working,adj,n,weaksubj,_jj,^hard-working_jj
hardier,adj,n,strongsubj,_jj,^hardier_jj
hardier,noun,n,strongsubj,_nn,^hardier_nn
hardy,adj,n,weaksubj,_jj,^hardy_jj
harmless,adj,n,strongsubj,_jj,^harmless_jj
harmonious,adj,n,strongsubj,_jj,^harmonious_jj
harmony,adj,n,strongsubj,_jj,^harmony_jj
harmony,noun,n,strongsubj,_nn,^harmony_nn
haven,noun,n,strongsubj,_nn,^haven_nn
headway,noun,n,weaksubj,_nn,^headway_nn
heady,adj,n,strongsubj,_jj,^heady_jj
healthful,adj,n,strongsubj,_jj,^healthful_jj
healthy,adj,n,weaksubj,_jj,^healthy_jj
healthy,noun,n,weaksubj,_nn,^healthy_nn
heart,adj,n,weaksubj,_jj,^heart_jj
heartening,adj,n,strongsubj,_jj,^heartening_jj
heartfelt,adj,n,strongsubj,_jj,^heartfelt_jj
heartily,adj,n,strongsubj,_jj,^heartily_jj
heartwarming,adj,n,strongsubj,_jj,^heartwarming_jj
heaven,noun,n,weaksubj,_nn,^heaven_nn
help,adj,n,weaksubj,_jj,^help_jj
help,noun,n,weaksubj,_nn,^help_nn
helpful,adj,n,weaksubj,_jj,^helpful_jj
hero,noun,n,strongsubj,_nn,^hero_nn
heroic,adj,n,strongsubj,_jj,^heroic_jj
heroine,noun,n,strongsubj,_nn,^heroine_nn
heros,noun,n,strongsubj,_nn,^heros_nn
high-quality,adj,n,weaksubj,_jj,^high-quality_jj
highlight,noun,n,strongsubj,_nn,^highlight_nn
hilarious,adj,n,strongsubj,_jj,^hilarious_jj
hilariousness,noun,n,strongsubj,_nn,^hilariousness_nn
hilarity,noun,n,strongsubj,_nn,^hilarity_nn
historic,adj,n,weaksubj,_jj,^historic_jj
holy,adj,n,weaksubj,_jj,^holy_jj
homage,noun,n,strongsubj,_nn,^homage_nn
honest,adj,n,strongsubj,_jj,^honest_jj
honest,noun,n,weaksubj,_nn,^honest_nn
honesty,adj,n,strongsubj,_jj,^honesty_jj
honesty,noun,n,strongsubj,_nn,^honesty_nn
honeymoon,noun,n,weaksubj,_nn,^honeymoon_nn
honor,adj,n,weaksubj,_jj,^honor_jj
honor,noun,n,weaksubj,_nn,^honor_nn
hope,adj,n,strongsubj,_jj,^hope_jj
hope,noun,n,strongsubj,_nn,^hope_nn
hopefulness,noun,n,strongsubj,_nn,^hopefulness_nn
hopes,adj,n,strongsubj,_jj,^hopes_jj
hopes,noun,n,strongsubj,_nn,^hopes_nn
hospitable,adj,n,strongsubj,_jj,^hospitable_jj
hot,adj,n,weaksubj,_jj,^hot_jj
hug,adj,n,strongsubj,_jj,^hug_jj
hug,noun,n,strongsubj,_nn,^hug_nn
humane,adj,n,strongsubj,_jj,^humane_jj
humane,noun,n,strongsubj,_nn,^humane_nn
humanists,adj,n,weaksubj,_jj,^humanists_jj
humanists,noun,n,weaksubj,_nn,^humanists_nn
humanity,noun,n,weaksubj,_nn,^humanity_nn
humankind,noun,n,strongsubj,_nn,^humankind_nn
humility,noun,n,strongsubj,_nn,^humility_nn
humour,adj,n,strongsubj,_jj,^humour_jj
humour,noun,n,strongsubj,_nn,^humour_nn
ideal,adj,n,strongsubj,_jj,^ideal_jj
ideal,noun,n,strongsubj,_nn,^ideal_nn
idealism,noun,n,weaksubj,_nn,^idealism_nn
idealist,noun,n,weaksubj,_nn,^idealist_nn
idol,adj,n,strongsubj,_jj,^idol_jj
idol,noun,n,strongsubj,_nn,^idol_nn
idolized,adj,n,strongsubj,_jj,^idolized_jj
illuminati,adj,n,strongsubj,_jj,^illuminati_jj
illuminati,noun,n,strongsubj,_nn,^illuminati_nn
illustrious,adj,n,strongsubj,_jj,^illustrious_jj
imaginative,adj,n,strongsubj,_jj,^imaginative_jj
immaculate,adj,n,strongsubj,_jj,^immaculate_jj
immaculately,adverb,n,strongsubj,_rb,^immaculately_rb
impartial,adj,n,weaksubj,_jj,^impartial_jj
impartiality,noun,n,weaksubj,_nn,^impartiality_nn
impartially,adverb,n,weaksubj,_rb,^impartially_rb
impassioned,adj,n,strongsubj,_jj,^impassioned_jj
impeccable,adj,n,strongsubj,_jj,^impeccable_jj
imperial,adj,n,weaksubj,_jj,^imperial_jj
imperturbable,adj,n,strongsubj,_jj,^imperturbable_jj
impervious,adj,n,strongsubj,_jj,^impervious_jj
impetus,noun,n,weaksubj,_nn,^impetus_nn
importance,noun,n,weaksubj,_nn,^importance_nn
important,adj,n,weaksubj,_jj,^important_jj
importantly,adverb,n,weaksubj,_rb,^importantly_rb
impregnable,adj,n,strongsubj,_jj,^impregnable_jj
impression,adj,n,weaksubj,_jj,^impression_jj
impression,noun,n,weaksubj,_nn,^impression_nn
impressions,adj,n,weaksubj,_jj,^impressions_jj
impressions,noun,n,weaksubj,_nn,^impressions_nn
impressive,adj,n,strongsubj,_jj,^impressive_jj
impressiveness,noun,n,strongsubj,_nn,^impressiveness_nn
improving,adj,n,weaksubj,_jj,^improving_jj
improved,adj,n,weaksubj,_jj,^improved_jj
improvement,noun,n,weaksubj,_nn,^improvement_nn
inalienable,adj,n,weaksubj,_jj,^inalienable_jj
incisive,adj,n,strongsubj,_jj,^incisive_jj
incisiveness,noun,n,strongsubj,_nn,^incisiveness_nn
inclination,adj,n,strongsubj,_jj,^inclination_jj
inclination,noun,n,strongsubj,_nn,^inclination_nn
inclined,adj,n,strongsubj,_jj,^inclined_jj
inclusive,adj,n,weaksubj,_jj,^inclusive_jj
incontestable,adj,n,strongsubj,_jj,^incontestable_jj
incontrovertible,adj,n,strongsubj,_jj,^incontrovertible_jj
incorruptible,adj,n,strongsubj,_jj,^incorruptible_jj
indebted,adj,n,weaksubj,_jj,^indebted_jj
indefatigable,adj,n,strongsubj,_jj,^indefatigable_jj
indelible,adj,n,strongsubj,_jj,^indelible_jj
indelibly,adj,n,strongsubj,_jj,^indelibly_jj
independence,adj,n,weaksubj,_jj,^independence_jj
independence,noun,n,weaksubj,_nn,^independence_nn
independent,adj,n,weaksubj,_jj,^independent_jj
indescribable,adj,n,strongsubj,_jj,^indescribable_jj
indescribably,adverb,n,strongsubj,_rb,^indescribably_rb
indestructible,adj,n,strongsubj,_jj,^indestructible_jj
indispensable,adj,n,strongsubj,_jj,^indispensable_jj
indispensability,noun,n,strongsubj,_nn,^indispensability_nn
indisputable,adj,n,strongsubj,_jj,^indisputable_jj
individuality,noun,n,weaksubj,_nn,^individuality_nn
indomitable,adj,n,strongsubj,_jj,^indomitable_jj
indomitably,adj,n,strongsubj,_jj,^indomitably_jj
indulgence,noun,n,strongsubj,_nn,^indulgence_nn
indulgent,adj,n,strongsubj,_jj,^indulgent_jj
industrious,adj,n,weaksubj,_jj,^industrious_jj
inestimable,adj,n,strongsubj,_jj,^inestimable_jj
inestimably,adverb,n,strongsubj,_rb,^inestimably_rb
inexpensive,adj,n,weaksubj,_jj,^inexpensive_jj
infallible,adj,n,strongsubj,_jj,^infallible_jj
infallibly,adverb,n,strongsubj,_rb,^infallibly_rb
infallibility,noun,n,strongsubj,_nn,^infallibility_nn
influential,adj,n,weaksubj,_jj,^influential_jj
informative,adj,n,weaksubj,_jj,^informative_jj
ingenious,adj,n,strongsubj,_jj,^ingenious_jj
ingenuity,noun,n,strongsubj,_nn,^ingenuity_nn
ingenuous,adj,n,strongsubj,_jj,^ingenuous_jj
ingenuously,adverb,n,strongsubj,_rb,^ingenuously_rb
ingratiating,adj,n,strongsubj,_jj,^ingratiating_jj
ingratiatingly,adverb,n,strongsubj,_rb,^ingratiatingly_rb
innocence,adj,n,weaksubj,_jj,^innocence_jj
innocence,noun,n,weaksubj,_nn,^innocence_nn
innocent,adj,n,weaksubj,_jj,^innocent_jj
innocently,adj,n,weaksubj,_jj,^innocently_jj
innocuous,adj,n,strongsubj,_jj,^innocuous_jj
innocuous,noun,n,strongsubj,_nn,^innocuous_nn
innovation,adj,n,weaksubj,_jj,^innovation_jj
innovation,noun,n,weaksubj,_nn,^innovation_nn
innovative,adj,n,weaksubj,_jj,^innovative_jj
inoffensive,adj,n,strongsubj,_jj,^inoffensive_jj
inquisitive,adj,n,strongsubj,_jj,^inquisitive_jj
insight,adj,n,strongsubj,_jj,^insight_jj
insight,noun,n,strongsubj,_nn,^insight_nn
insistence,adj,n,weaksubj,_jj,^insistence_jj
insistence,noun,n,weaksubj,_nn,^insistence_nn
insistent,adj,n,strongsubj,_jj,^insistent_jj
inspiration,noun,n,strongsubj,_nn,^inspiration_nn
inspirational,adj,n,strongsubj,_jj,^inspirational_jj
inspiring,adj,n,strongsubj,_jj,^inspiring_jj
instructive,adj,n,weaksubj,_jj,^instructive_jj
instrumental,adj,n,weaksubj,_jj,^instrumental_jj
intact,adj,n,weaksubj,_jj,^intact_jj
integral,adj,n,weaksubj,_jj,^integral_jj
integrity,noun,n,strongsubj,_nn,^integrity_nn
intelligent,adj,n,strongsubj,_jj,^intelligent_jj
intelligence,noun,n,weaksubj,_nn,^intelligence_nn
intelligible,adj,n,strongsubj,_jj,^intelligible_jj
interest,adj,n,weaksubj,_jj,^interest_jj
interest,noun,n,weaksubj,_nn,^interest_nn
interested,adj,n,weaksubj,_jj,^interested_jj
interests,adj,n,weaksubj,_jj,^interests_jj
interests,noun,n,weaksubj,_nn,^interests_nn
intimacy,adj,n,strongsubj,_jj,^intimacy_jj
intimacy,noun,n,strongsubj,_nn,^intimacy_nn
intimate,adj,n,weaksubj,_jj,^intimate_jj
intricate,adj,n,weaksubj,_jj,^intricate_jj
intrigue,adj,n,strongsubj,_jj,^intrigue_jj
intrigue,noun,n,strongsubj,_nn,^intrigue_nn
intriguing,adj,n,strongsubj,_jj,^intriguing_jj
intuitive,adj,n,strongsubj,_jj,^intuitive_jj
invaluable,adj,n,strongsubj,_jj,^invaluable_jj
inventive,adj,n,weaksubj,_jj,^inventive_jj
invincible,adj,n,strongsubj,_jj,^invincible_jj
inviolable,adj,n,strongsubj,_jj,^inviolable_jj
inviolate,adj,n,strongsubj,_jj,^inviolate_jj
invulnerable,adj,n,strongsubj,_jj,^invulnerable_jj
irrefutable,adj,n,strongsubj,_jj,^irrefutable_jj
irreproachable,adj,n,strongsubj,_jj,^irreproachable_jj
irresistible,adj,n,strongsubj,_jj,^irresistible_jj
jauntily,adverb,n,strongsubj,_rb,^jauntily_rb
jaunty,adj,n,strongsubj,_jj,^jaunty_jj
joke,noun,n,strongsubj,_nn,^joke_nn
jovial,adj,n,strongsubj,_jj,^jovial_jj
joy,noun,n,strongsubj,_nn,^joy_nn
joyful,adj,n,strongsubj,_jj,^joyful_jj
joyless,adj,n,strongsubj,_jj,^joyless_jj
jubilant,adj,n,strongsubj,_jj,^jubilant_jj
jubilation,noun,n,strongsubj,_nn,^jubilation_nn
judicious,adj,n,strongsubj,_jj,^judicious_jj
just,adj,n,strongsubj,_jj,^just_jj
just,noun,n,weaksubj,_nn,^just_nn
justice,adj,n,weaksubj,_jj,^justice_jj
justice,noun,n,weaksubj,_nn,^justice_nn
justifiable,adj,n,strongsubj,_jj,^justifiable_jj
justification,noun,n,strongsubj,_nn,^justification_nn
keen,adj,n,strongsubj,_jj,^keen_jj
keenness,adj,n,strongsubj,_jj,^keenness_jj
keenness,noun,n,strongsubj,_nn,^keenness_nn
kemp,adj,n,strongsubj,_jj,^kemp_jj
kind,adj,n,strongsubj,_jj,^kind_jj
kindliness,noun,n,strongsubj,_nn,^kindliness_nn
kindness,noun,n,strongsubj,_nn,^kindness_nn
kingmaker,noun,n,strongsubj,_nn,^kingmaker_nn
kiss,noun,n,weaksubj,_nn,^kiss_nn
large,adj,n,weaksubj,_jj,^large_jj
large,adverb,n,weaksubj,_rb,^large_rb
lavish,adj,n,strongsubj,_jj,^lavish_jj
law-abiding,adj,n,strongsubj,_jj,^law-abiding_jj
lawful,adj,n,weaksubj,_jj,^lawful_jj
lawfully,adverb,n,weaksubj,_rb,^lawfully_rb
leading,adj,n,weaksubj,_jj,^leading_jj
lean,adj,n,weaksubj,_jj,^lean_jj
lean,noun,n,weaksubj,_nn,^lean_nn
learning,noun,n,weaksubj,_nn,^learning_nn
learned,noun,n,weaksubj,_nn,^learned_nn
legendary,adj,n,weaksubj,_jj,^legendary_jj
legitimacy,noun,n,weaksubj,_nn,^legitimacy_nn
legitimate,adj,n,weaksubj,_jj,^legitimate_jj
legitimately,adverb,n,weaksubj,_rb,^legitimately_rb
lenient,adj,n,weaksubj,_jj,^lenient_jj
leniently,adverb,n,weaksubj,_rb,^leniently_rb
less-expensive,adj,n,weaksubj,_jj,^less-expensive_jj
leverage,noun,n,weaksubj,_nn,^leverage_nn
levity,noun,n,strongsubj,_nn,^levity_nn
liberal,adj,n,weaksubj,_jj,^liberal_jj
liberation,adj,n,weaksubj,_jj,^liberation_jj
liberation,noun,n,weaksubj,_nn,^liberation_nn
liberalism,noun,n,weaksubj,_nn,^liberalism_nn
liberally,adverb,n,weaksubj,_rb,^liberally_rb
liberty,noun,n,strongsubj,_nn,^liberty_nn
lifeblood,noun,n,strongsubj,_nn,^lifeblood_nn
lifelong,adj,n,weaksubj,_jj,^lifelong_jj
light,adj,n,weaksubj,_jj,^light_jj
light,noun,n,weaksubj,_nn,^light_nn
light-hearted,adj,n,strongsubj,_jj,^light-hearted_jj
likable,adj,n,strongsubj,_jj,^likable_jj
liking,noun,n,strongsubj,_nn,^liking_nn
lionhearted,adj,n,strongsubj,_jj,^lionhearted_jj
literate,adj,n,weaksubj,_jj,^literate_jj
live,adj,n,weaksubj,_jj,^live_jj
lively,adj,n,strongsubj,_jj,^lively_jj
lofty,adj,n,strongsubj,_jj,^lofty_jj
logical,adj,n,weaksubj,_jj,^logical_jj
lovable,adj,n,strongsubj,_jj,^lovable_jj
lovably,adverb,n,strongsubj,_rb,^lovably_rb
love,noun,n,strongsubj,_nn,^love_nn
loveliness,noun,n,strongsubj,_nn,^loveliness_nn
lover,noun,n,strongsubj,_nn,^lover_nn
lovely,adj,n,strongsubj,_jj,^lovely_jj
low-cost,adj,n,weaksubj,_jj,^low-cost_jj
low-risk,adj,n,weaksubj,_jj,^low-risk_jj
lower-priced,adj,n,weaksubj,_jj,^lower-priced_jj
loyal,adj,n,weaksubj,_jj,^loyal_jj
loyalty,adj,n,strongsubj,_jj,^loyalty_jj
loyalty,noun,n,strongsubj,_nn,^loyalty_nn
lucid,adj,n,strongsubj,_jj,^lucid_jj
lucidly,adj,n,strongsubj,_jj,^lucidly_jj
luck,noun,n,strongsubj,_nn,^luck_nn
luckier,adj,n,strongsubj,_jj,^luckier_jj
luckier,noun,n,strongsubj,_nn,^luckier_nn
luckily,adj,n,strongsubj,_jj,^luckily_jj
luckiness,noun,n,strongsubj,_nn,^luckiness_nn
lucky,adj,n,strongsubj,_jj,^lucky_jj
lucky,noun,n,strongsubj,_nn,^lucky_nn
lucrative,adj,n,weaksubj,_jj,^lucrative_jj
lucrative,noun,n,weaksubj,_nn,^lucrative_nn
luminous,adj,n,weaksubj,_jj,^luminous_jj
lush,adj,n,strongsubj,_jj,^lush_jj
luster,noun,n,strongsubj,_nn,^luster_nn
lustrous,adj,n,strongsubj,_jj,^lustrous_jj
luxuriant,adj,n,strongsubj,_jj,^luxuriant_jj
luxury,adj,n,strongsubj,_jj,^luxury_jj
luxury,noun,n,strongsubj,_nn,^luxury_nn
lyrical,adj,n,strongsubj,_jj,^lyrical_jj
magic,adj,n,strongsubj,_jj,^magic_jj
magical,adj,n,strongsubj,_jj,^magical_jj
magnetic,adj,n,weaksubj,_jj,^magnetic_jj
magnificent,adj,n,strongsubj,_jj,^magnificent_jj
magnify,verb,n,weaksubj,_vb,^magnify_vb
majestic,adj,n,strongsubj,_jj,^majestic_jj
majesty,noun,n,strongsubj,_nn,^majesty_nn
manageable,adj,n,weaksubj,_jj,^manageable_jj
manifest,adj,n,strongsubj,_jj,^manifest_jj
manly,adj,n,strongsubj,_jj,^manly_jj
mannerly,adj,n,strongsubj,_jj,^mannerly_jj
marvel,noun,n,strongsubj,_nn,^marvel_nn
marvellous,adj,n,strongsubj,_jj,^marvellous_jj
marvelous,adj,n,strongsubj,_jj,^marvelous_jj
marvelousness,noun,n,strongsubj,_nn,^marvelousness_nn
marvels,noun,n,strongsubj,_nn,^marvels_nn
master,adj,n,strongsubj,_jj,^master_jj
master,noun,n,strongsubj,_nn,^master_nn
masterful,adj,n,strongsubj,_jj,^masterful_jj
masterfully,adverb,n,strongsubj,_rb,^masterfully_rb
masterpiece,noun,n,strongsubj,_nn,^masterpiece_nn
masterpieces,noun,n,strongsubj,_nn,^masterpieces_nn
masters,adj,n,strongsubj,_jj,^masters_jj
masters,noun,n,strongsubj,_nn,^masters_nn
mastery,noun,n,strongsubj,_nn,^mastery_nn
matchless,adj,n,strongsubj,_jj,^matchless_jj
mature,adj,n,weaksubj,_jj,^mature_jj
maturely,adverb,n,weaksubj,_rb,^maturely_rb
maturity,noun,n,weaksubj,_nn,^maturity_nn
meaningful,adj,n,strongsubj,_jj,^meaningful_jj
meek,adj,n,strongsubj,_jj,^meek_jj
mellow,adj,n,strongsubj,_jj,^mellow_jj
memorable,adj,n,strongsubj,_jj,^memorable_jj
mentor,noun,n,weaksubj,_nn,^mentor_nn
mercy,adj,n,strongsubj,_jj,^mercy_jj
mercy,noun,n,strongsubj,_nn,^mercy_nn
merit,noun,n,strongsubj,_nn,^merit_nn
meritorious,adj,n,strongsubj,_jj,^meritorious_jj
merrily,adj,n,strongsubj,_jj,^merrily_jj
merriment,noun,n,strongsubj,_nn,^merriment_nn
merriness,noun,n,strongsubj,_nn,^merriness_nn
merry,adj,n,strongsubj,_jj,^merry_jj
meticulous,adj,n,weaksubj,_jj,^meticulous_jj
meticulously,adj,n,weaksubj,_jj,^meticulously_jj
might,noun,n,strongsubj,_nn,^might_nn
mild,adj,n,weaksubj,_jj,^mild_jj
mindful,adj,n,strongsubj,_jj,^mindful_jj
miracle,noun,n,strongsubj,_nn,^miracle_nn
miracles,noun,n,strongsubj,_nn,^miracles_nn
miraculous,adj,n,strongsubj,_jj,^miraculous_jj
miraculousness,noun,n,strongsubj,_nn,^miraculousness_nn
mirth,noun,n,strongsubj,_nn,^mirth_nn
moderate,adj,n,strongsubj,_jj,^moderate_jj
moderation,adj,n,strongsubj,_jj,^moderation_jj
moderation,noun,n,strongsubj,_nn,^moderation_nn
modern,adj,n,weaksubj,_jj,^modern_jj
modest,adj,n,weaksubj,_jj,^modest_jj
modesty,noun,n,weaksubj,_nn,^modesty_nn
momentous,adj,n,strongsubj,_jj,^momentous_jj
monumental,adj,n,strongsubj,_jj,^monumental_jj
monumentally,adj,n,strongsubj,_jj,^monumentally_jj
moral,adj,n,strongsubj,_jj,^moral_jj
moral,noun,n,strongsubj,_nn,^moral_nn
morality,noun,n,strongsubj,_nn,^morality_nn
motivated,adj,n,strongsubj,_jj,^motivated_jj
motivation,adj,n,strongsubj,_jj,^motivation_jj
motivation,noun,n,strongsubj,_nn,^motivation_nn
moving,adj,n,strongsubj,_jj,^moving_jj
myriad,noun,n,weaksubj,_nn,^myriad_nn
natural,adj,n,weaksubj,_jj,^natural_jj
naturally,adverb,n,weaksubj,_rb,^naturally_rb
navigable,adj,n,weaksubj,_jj,^navigable_jj
neat,adj,n,weaksubj,_jj,^neat_jj
neatly,adverb,n,weaksubj,_rb,^neatly_rb
necessarily,adj,n,weaksubj,_jj,^necessarily_jj
necessary,adj,n,weaksubj,_jj,^necessary_jj
nice,adj,n,strongsubj,_jj,^nice_jj
nifty,adj,n,strongsubj,_jj,^nifty_jj
nimble,adj,n,strongsubj,_jj,^nimble_jj
noble,adj,n,strongsubj,_jj,^noble_jj
nobly,adverb,n,strongsubj,_rb,^nobly_rb
non-violence,noun,n,weaksubj,_nn,^non-violence_nn
non-violent,adj,n,weaksubj,_jj,^non-violent_jj
normal,adj,n,weaksubj,_jj,^normal_jj
notable,adj,n,strongsubj,_jj,^notable_jj
notable,noun,n,strongsubj,_nn,^notable_nn
noteworthy,adj,n,strongsubj,_jj,^noteworthy_jj
noteworthy,noun,n,strongsubj,_nn,^noteworthy_nn
noticeable,adj,n,weaksubj,_jj,^noticeable_jj
novel,adj,n,strongsubj,_jj,^novel_jj
nourishing,adj,n,weaksubj,_jj,^nourishing_jj
nourishment,noun,n,weaksubj,_nn,^nourishment_nn
nurturing,adj,n,strongsubj,_jj,^nurturing_jj
nurturing,noun,n,strongsubj,_nn,^nurturing_nn
oasis,noun,n,strongsubj,_nn,^oasis_nn
obedience,noun,n,strongsubj,_nn,^obedience_nn
obedient,adj,n,strongsubj,_jj,^obedient_jj
obediently,adverb,n,strongsubj,_rb,^obediently_rb
objective,adj,n,weaksubj,_jj,^objective_jj
objectively,adverb,n,weaksubj,_rb,^objectively_rb
offbeat,adj,n,strongsubj,_jj,^offbeat_jj
okay,adj,n,weaksubj,_jj,^okay_jj
onward,adj,n,weaksubj,_jj,^onward_jj
onward,noun,n,weaksubj,_nn,^onward_nn
open,adj,n,weaksubj,_jj,^open_jj
openly,adj,n,weaksubj,_jj,^openly_jj
openness,adj,n,weaksubj,_jj,^openness_jj
openness,noun,n,weaksubj,_nn,^openness_nn
opportune,adj,n,strongsubj,_jj,^opportune_jj
opportunity,noun,n,strongsubj,_nn,^opportunity_nn
optimal,adj,n,strongsubj,_jj,^optimal_jj
optimism,noun,n,strongsubj,_nn,^optimism_nn
optimistic,adj,n,weaksubj,_jj,^optimistic_jj
opulent,adj,n,strongsubj,_jj,^opulent_jj
orderly,adj,n,weaksubj,_jj,^orderly_jj
original,adj,n,weaksubj,_jj,^original_jj
originality,noun,n,weaksubj,_nn,^originality_nn
outgoing,adj,n,weaksubj,_jj,^outgoing_jj
outstanding,adj,n,strongsubj,_jj,^outstanding_jj
ovation,adj,n,strongsubj,_jj,^ovation_jj
ovation,noun,n,strongsubj,_nn,^ovation_nn
overachiever,noun,n,strongsubj,_nn,^overachiever_nn
overjoyed,adj,n,strongsubj,_jj,^overjoyed_jj
overture,adj,n,strongsubj,_jj,^overture_jj
overture,noun,n,strongsubj,_nn,^overture_nn
pacifist,noun,n,strongsubj,_nn,^pacifist_nn
pacifists,adj,n,strongsubj,_jj,^pacifists_jj
pacifists,noun,n,strongsubj,_nn,^pacifists_nn
painless,adj,n,weaksubj,_jj,^painless_jj
painlessly,adverb,n,weaksubj,_rb,^painlessly_rb
painstaking,adj,n,strongsubj,_jj,^painstaking_jj
painstakingly,adverb,n,strongsubj,_rb,^painstakingly_rb
palatable,adj,n,strongsubj,_jj,^palatable_jj
palatial,adj,n,strongsubj,_jj,^palatial_jj
paradise,noun,n,strongsubj,_nn,^paradise_nn
paramount,adj,n,strongsubj,_jj,^paramount_jj
passion,noun,n,strongsubj,_nn,^passion_nn
passionate,adj,n,strongsubj,_jj,^passionate_jj
patience,noun,n,strongsubj,_nn,^patience_nn
patient,adj,n,weaksubj,_jj,^patient_jj
patient,adj,n,weaksubj,_jj,^patient_jj
patient,noun,n,weaksubj,_nn,^patient_nn
patiently,adverb,n,strongsubj,_rb,^patiently_rb
patriot,noun,n,strongsubj,_nn,^patriot_nn
patriotic,adj,n,strongsubj,_jj,^patriotic_jj
peace,adj,n,weaksubj,_jj,^peace_jj
peace,noun,n,weaksubj,_nn,^peace_nn
peaceable,adj,n,strongsubj,_jj,^peaceable_jj
peaceful,adj,n,weaksubj,_jj,^peaceful_jj
peaceful,noun,n,weaksubj,_nn,^peaceful_nn
peacefully,adverb,n,weaksubj,_rb,^peacefully_rb
peacekeepers,adj,n,weaksubj,_jj,^peacekeepers_jj
peacekeepers,noun,n,weaksubj,_nn,^peacekeepers_nn
peerless,adj,n,strongsubj,_jj,^peerless_jj
penetrating,adj,n,strongsubj,_jj,^penetrating_jj
penitent,adj,n,strongsubj,_jj,^penitent_jj
perceptive,adj,n,strongsubj,_jj,^perceptive_jj
perfect,adj,n,strongsubj,_jj,^perfect_jj
perfection,noun,n,strongsubj,_nn,^perfection_nn
permissible,adj,n,weaksubj,_jj,^permissible_jj
perseverance,noun,n,strongsubj,_nn,^perseverance_nn
persistent,adj,n,weaksubj,_jj,^persistent_jj
persistent,noun,n,weaksubj,_nn,^persistent_nn
personages,adj,n,weaksubj,_jj,^personages_jj
personages,noun,n,weaksubj,_nn,^personages_nn
personality,adj,n,strongsubj,_jj,^personality_jj
personality,noun,n,strongsubj,_nn,^personality_nn
perspicuous,adj,n,strongsubj,_jj,^perspicuous_jj
perspicuously,adverb,n,strongsubj,_rb,^perspicuously_rb
persuasive,adj,n,strongsubj,_jj,^persuasive_jj
persuasive,noun,n,strongsubj,_nn,^persuasive_nn
persuasively,adverb,n,strongsubj,_rb,^persuasively_rb
pertinent,adj,n,weaksubj,_jj,^pertinent_jj
phenomenal,adj,n,strongsubj,_jj,^phenomenal_jj
picturesque,adj,n,strongsubj,_jj,^picturesque_jj
piety,noun,n,weaksubj,_nn,^piety_nn
pillar,adj,n,strongsubj,_jj,^pillar_jj
pillar,noun,n,strongsubj,_nn,^pillar_nn
pinnacle,noun,n,strongsubj,_nn,^pinnacle_nn
pious,adj,n,strongsubj,_jj,^pious_jj
pithy,adj,n,strongsubj,_jj,^pithy_jj
pithy,noun,n,strongsubj,_nn,^pithy_nn
placid,adj,n,weaksubj,_jj,^placid_jj
plain,adj,n,weaksubj,_jj,^plain_jj
plausibility,noun,n,strongsubj,_nn,^plausibility_nn
plausible,adj,n,strongsubj,_jj,^plausible_jj
playful,adj,n,strongsubj,_jj,^playful_jj
playfully,adverb,n,strongsubj,_rb,^playfully_rb
pleasant,adj,n,weaksubj,_jj,^pleasant_jj
pleasantly,adj,n,weaksubj,_jj,^pleasantly_jj
pleased,adj,n,strongsubj,_jj,^pleased_jj
pleasure,adj,n,strongsubj,_jj,^pleasure_jj
pleasure,noun,n,strongsubj,_nn,^pleasure_nn
pledge,noun,n,strongsubj,_nn,^pledge_nn
pledges,adj,n,strongsubj,_jj,^pledges_jj
pledges,noun,n,strongsubj,_nn,^pledges_nn
plentiful,adj,n,weaksubj,_jj,^plentiful_jj
plush,adj,n,strongsubj,_jj,^plush_jj
poetic,adj,n,strongsubj,_jj,^poetic_jj
poignant,adj,n,strongsubj,_jj,^poignant_jj
poise,noun,n,strongsubj,_nn,^poise_nn
poised,adj,n,strongsubj,_jj,^poised_jj
polished,adj,n,weaksubj,_jj,^polished_jj
polite,adj,n,weaksubj,_jj,^polite_jj
politeness,noun,n,weaksubj,_nn,^politeness_nn
popular,adj,n,weaksubj,_jj,^popular_jj
popular,noun,n,weaksubj,_nn,^popular_nn
popularity,adj,n,weaksubj,_jj,^popularity_jj
popularity,noun,n,weaksubj,_nn,^popularity_nn
portable,adj,n,weaksubj,_jj,^portable_jj
posh,adj,n,strongsubj,_jj,^posh_jj
positive,adj,n,weaksubj,_jj,^positive_jj
positiveness,noun,n,strongsubj,_nn,^positiveness_nn
positively,adverb,n,strongsubj,_rb,^positively_rb
posterity,noun,n,weaksubj,_nn,^posterity_nn
potent,adj,n,strongsubj,_jj,^potent_jj
potential,adj,n,weaksubj,_jj,^potential_jj
potential,noun,n,weaksubj,_nn,^potential_nn
powerful,adj,n,weaksubj,_jj,^powerful_jj
powerfully,adverb,n,weaksubj,_rb,^powerfully_rb
practicable,adj,n,weaksubj,_jj,^practicable_jj
practical,adj,n,weaksubj,_jj,^practical_jj
pragmatic,adj,n,strongsubj,_jj,^pragmatic_jj
praise,noun,n,strongsubj,_nn,^praise_nn
praiseworthy,adj,n,strongsubj,_jj,^praiseworthy_jj
praising,adj,n,strongsubj,_jj,^praising_jj
praising,noun,n,strongsubj,_nn,^praising_nn
pre-eminent,adj,n,weaksubj,_jj,^pre-eminent_jj
preaching,adj,n,strongsubj,_jj,^preaching_jj
preaching,noun,n,strongsubj,_nn,^preaching_nn
precaution,noun,n,strongsubj,_nn,^precaution_nn
precautions,noun,n,strongsubj,_nn,^precautions_nn
precedent,noun,n,weaksubj,_nn,^precedent_nn
precious,adj,n,strongsubj,_jj,^precious_jj
precious,noun,n,strongsubj,_nn,^precious_nn
precise,adj,n,weaksubj,_jj,^precise_jj
precisely,adverb,n,weaksubj,_rb,^precisely_rb
precision,noun,n,weaksubj,_nn,^precision_nn
preeminent,adj,n,weaksubj,_jj,^preeminent_jj
preemptive,adj,n,weaksubj,_jj,^preemptive_jj
preferable,adj,n,strongsubj,_jj,^preferable_jj
preference,noun,n,strongsubj,_nn,^preference_nn
preferences,adj,n,strongsubj,_jj,^preferences_jj
preferences,noun,n,strongsubj,_nn,^preferences_nn
premier,adj,n,weaksubj,_jj,^premier_jj
premium,adj,n,weaksubj,_jj,^premium_jj
prepared,adj,n,weaksubj,_jj,^prepared_jj
preponderance,adj,n,strongsubj,_jj,^preponderance_jj
preponderance,noun,n,strongsubj,_nn,^preponderance_nn
prestige,noun,n,strongsubj,_nn,^prestige_nn
prestigious,adj,n,weaksubj,_jj,^prestigious_jj
priceless,adj,n,strongsubj,_jj,^priceless_jj
pride,noun,n,strongsubj,_nn,^pride_nn
principle,adj,n,weaksubj,_jj,^principle_jj
principle,noun,n,weaksubj,_nn,^principle_nn
principled,adj,n,weaksubj,_jj,^principled_jj
privilege,noun,n,strongsubj,_nn,^privilege_nn
privileged,adj,n,strongsubj,_jj,^privileged_jj
pro,noun,n,weaksubj,_nn,^pro_nn
pro-American,adj,n,strongsubj,_jj,^pro-American_jj
pro-American,noun,n,strongsubj,_nn,^pro-American_nn
pro-Beijing,adj,n,strongsubj,_jj,^pro-Beijing_jj
pro-Beijing,noun,n,strongsubj,_nn,^pro-Beijing_nn
pro-Cuba,adj,n,strongsubj,_jj,^pro-Cuba_jj
pro-Cuba,noun,n,strongsubj,_nn,^pro-Cuba_nn
pro-peace,adj,n,strongsubj,_jj,^pro-peace_jj
pro-peace,noun,n,strongsubj,_nn,^pro-peace_nn
proactive,adj,n,strongsubj,_jj,^proactive_jj
proactive,noun,n,strongsubj,_nn,^proactive_nn
prodigious,adj,n,strongsubj,_jj,^prodigious_jj
prodigy,noun,n,strongsubj,_nn,^prodigy_nn
productive,adj,n,weaksubj,_jj,^productive_jj
proficient,adj,n,strongsubj,_jj,^proficient_jj
proficiently,adverb,n,strongsubj,_rb,^proficiently_rb
profit,noun,n,weaksubj,_nn,^profit_nn
profitable,adj,n,weaksubj,_jj,^profitable_jj
profound,adj,n,strongsubj,_jj,^profound_jj
profuse,adj,n,strongsubj,_jj,^profuse_jj
profusion,noun,n,strongsubj,_nn,^profusion_nn
progress,noun,n,weaksubj,_nn,^progress_nn
progressive,adj,n,weaksubj,_jj,^progressive_jj
prolific,adj,n,weaksubj,_jj,^prolific_jj
prominent,adj,n,weaksubj,_jj,^prominent_jj
prominence,noun,n,weaksubj,_nn,^prominence_nn
promise,adj,n,strongsubj,_jj,^promise_jj
promise,noun,n,strongsubj,_nn,^promise_nn
promising,adj,n,strongsubj,_jj,^promising_jj
promoter,adj,n,strongsubj,_jj,^promoter_jj
promoter,noun,n,strongsubj,_nn,^promoter_nn
prompt,adj,n,weaksubj,_jj,^prompt_jj
promptly,adverb,n,weaksubj,_rb,^promptly_rb
proper,adj,n,weaksubj,_jj,^proper_jj
properly,adverb,n,weaksubj,_rb,^properly_rb
propitious,adj,n,strongsubj,_jj,^propitious_jj
propitiously,adverb,n,strongsubj,_rb,^propitiously_rb
prospect,adj,n,weaksubj,_jj,^prospect_jj
prospect,noun,n,weaksubj,_nn,^prospect_nn
prospects,adj,n,weaksubj,_jj,^prospects_jj
prospects,noun,n,weaksubj,_nn,^prospects_nn
prosperity,adj,n,weaksubj,_jj,^prosperity_jj
prosperity,noun,n,weaksubj,_nn,^prosperity_nn
prosperous,adj,n,weaksubj,_jj,^prosperous_jj
protection,noun,n,weaksubj,_nn,^protection_nn
protective,adj,n,weaksubj,_jj,^protective_jj
protector,adj,n,strongsubj,_jj,^protector_jj
protector,noun,n,strongsubj,_nn,^protector_nn
proud,adj,n,strongsubj,_jj,^proud_jj
providence,noun,n,strongsubj,_nn,^providence_nn
prowess,noun,n,strongsubj,_nn,^prowess_nn
prudence,adj,n,weaksubj,_jj,^prudence_jj
prudence,noun,n,weaksubj,_nn,^prudence_nn
prudent,adj,n,strongsubj,_jj,^prudent_jj
prudently,adverb,n,strongsubj,_rb,^prudently_rb
punctual,adj,n,strongsubj,_jj,^punctual_jj
pundits,adj,n,strongsubj,_jj,^pundits_jj
pundits,noun,n,strongsubj,_nn,^pundits_nn
pure,adj,n,weaksubj,_jj,^pure_jj
purification,noun,n,weaksubj,_nn,^purification_nn
purity,noun,n,weaksubj,_nn,^purity_nn
purposeful,adj,n,strongsubj,_jj,^purposeful_jj
quaint,adj,n,strongsubj,_jj,^quaint_jj
qualified,adj,n,weaksubj,_jj,^qualified_jj
qualify,adj,n,weaksubj,_jj,^qualify_jj
quasi-ally,adj,n,strongsubj,_jj,^quasi-ally_jj
quasi-ally,noun,n,strongsubj,_nn,^quasi-ally_nn
radiance,noun,n,strongsubj,_nn,^radiance_nn
radiant,adj,n,strongsubj,_jj,^radiant_jj
rapprochement,adj,n,weaksubj,_jj,^rapprochement_jj
rapprochement,noun,n,weaksubj,_nn,^rapprochement_nn
rapport,noun,n,strongsubj,_nn,^rapport_nn
rapture,noun,n,strongsubj,_nn,^rapture_nn
raptureous,adj,n,strongsubj,_jj,^raptureous_jj
rational,adj,n,strongsubj,_jj,^rational_jj
rationality,adj,n,weaksubj,_jj,^rationality_jj
rationality,noun,n,weaksubj,_nn,^rationality_nn
re-conquest,adj,n,strongsubj,_jj,^re-conquest_jj
re-conquest,noun,n,strongsubj,_nn,^re-conquest_nn
readily,adverb,n,weaksubj,_rb,^readily_rb
ready,adj,n,weaksubj,_jj,^ready_jj
reaffirm,noun,n,weaksubj,_nn,^reaffirm_nn
reaffirmation,adj,n,weaksubj,_jj,^reaffirmation_jj
reaffirmation,noun,n,weaksubj,_nn,^reaffirmation_nn
realist,noun,n,strongsubj,_nn,^realist_nn
realistic,adj,n,strongsubj,_jj,^realistic_jj
realistically,adverb,n,strongsubj,_rb,^realistically_rb
reason,noun,n,weaksubj,_nn,^reason_nn
reasonable,adj,n,weaksubj,_jj,^reasonable_jj
reasonably,adverb,n,weaksubj,_rb,^reasonably_rb
reassurance,adj,n,strongsubj,_jj,^reassurance_jj
reassurance,noun,n,strongsubj,_nn,^reassurance_nn
receptive,adj,n,strongsubj,_jj,^receptive_jj
recognition,adj,n,weaksubj,_jj,^recognition_jj
recognition,noun,n,weaksubj,_nn,^recognition_nn
recommendation,noun,n,strongsubj,_nn,^recommendation_nn
recommendations,adj,n,strongsubj,_jj,^recommendations_jj
recommendations,noun,n,strongsubj,_nn,^recommendations_nn
recompense,noun,n,weaksubj,_nn,^recompense_nn
reconciliation,adj,n,weaksubj,_jj,^reconciliation_jj
reconciliation,noun,n,weaksubj,_nn,^reconciliation_nn
record-setting,adj,n,weaksubj,_jj,^record-setting_jj
rectification,adj,n,strongsubj,_jj,^rectification_jj
rectification,noun,n,strongsubj,_nn,^rectification_nn
rectifying,adj,n,strongsubj,_jj,^rectifying_jj
rectifying,noun,n,strongsubj,_nn,^rectifying_nn
redeeming,adj,n,strongsubj,_jj,^redeeming_jj
redemption,noun,n,strongsubj,_nn,^redemption_nn
refined,adj,n,weaksubj,_jj,^refined_jj
refinement,noun,n,weaksubj,_nn,^refinement_nn
reform,noun,n,weaksubj,_nn,^reform_nn
reform,verb,n,weaksubj,_vb,^reform_vb
refreshing,adj,n,strongsubj,_jj,^refreshing_jj
refuge,noun,n,strongsubj,_nn,^refuge_nn
regal,adj,n,strongsubj,_jj,^regal_jj
regally,adverb,n,strongsubj,_rb,^regally_rb
regard,noun,n,strongsubj,_nn,^regard_nn
rehabilitation,noun,n,weaksubj,_nn,^rehabilitation_nn
reinforcement,noun,n,weaksubj,_nn,^reinforcement_nn
relaxed,adj,n,weaksubj,_jj,^relaxed_jj
relevant,adj,n,weaksubj,_jj,^relevant_jj
relevance,noun,n,weaksubj,_nn,^relevance_nn
reliable,adj,n,weaksubj,_jj,^reliable_jj
reliability,noun,n,weaksubj,_nn,^reliability_nn
reliably,adverb,n,weaksubj,_rb,^reliably_rb
relief,adj,n,strongsubj,_jj,^relief_jj
relief,noun,n,strongsubj,_nn,^relief_nn
remarkable,adj,n,strongsubj,_jj,^remarkable_jj
remedy,noun,n,weaksubj,_nn,^remedy_nn
reminiscent,adj,n,strongsubj,_jj,^reminiscent_jj
reminiscent,noun,n,strongsubj,_nn,^reminiscent_nn
renaissance,noun,n,strongsubj,_nn,^renaissance_nn
renewal,noun,n,weaksubj,_nn,^renewal_nn
renovation,noun,n,weaksubj,_nn,^renovation_nn
renown,noun,n,strongsubj,_nn,^renown_nn
renowned,adj,n,strongsubj,_jj,^renowned_jj
repair,noun,n,weaksubj,_nn,^repair_nn
reparation,noun,n,weaksubj,_nn,^reparation_nn
repentance,noun,n,strongsubj,_nn,^repentance_nn
reputable,adj,n,weaksubj,_jj,^reputable_jj
rescue,noun,n,weaksubj,_nn,^rescue_nn
resilient,adj,n,weaksubj,_jj,^resilient_jj
resolute,adj,n,weaksubj,_jj,^resolute_jj
resolve,adj,n,weaksubj,_jj,^resolve_jj
resolve,noun,n,weaksubj,_nn,^resolve_nn
resolved,adj,n,weaksubj,_jj,^resolved_jj
resounding,adj,n,strongsubj,_jj,^resounding_jj
resourceful,adj,n,strongsubj,_jj,^resourceful_jj
resourcefulness,noun,n,strongsubj,_nn,^resourcefulness_nn
respect,adj,n,strongsubj,_jj,^respect_jj
respect,noun,n,strongsubj,_nn,^respect_nn
respectable,adj,n,strongsubj,_jj,^respectable_jj
respite,noun,n,strongsubj,_nn,^respite_nn
resplendent,adj,n,strongsubj,_jj,^resplendent_jj
responsibility,noun,n,weaksubj,_nn,^responsibility_nn
responsible,adj,n,weaksubj,_jj,^responsible_jj
responsibly,adverb,n,weaksubj,_rb,^responsibly_rb
responsive,adj,n,weaksubj,_jj,^responsive_jj
restful,adj,n,weaksubj,_jj,^restful_jj
restoration,noun,n,weaksubj,_nn,^restoration_nn
restraint,adj,n,weaksubj,_jj,^restraint_jj
restraint,noun,n,weaksubj,_nn,^restraint_nn
resurgent,adj,n,weaksubj,_jj,^resurgent_jj
revel,adj,n,strongsubj,_jj,^revel_jj
revel,noun,n,strongsubj,_nn,^revel_nn
revelation,adj,n,weaksubj,_jj,^revelation_jj
revelation,noun,n,weaksubj,_nn,^revelation_nn
reverence,noun,n,strongsubj,_nn,^reverence_nn
reverent,adj,n,strongsubj,_jj,^reverent_jj
reverently,adverb,n,strongsubj,_rb,^reverently_rb
revival,noun,n,weaksubj,_nn,^revival_nn
revolution,adj,n,weaksubj,_jj,^revolution_jj
revolution,noun,n,weaksubj,_nn,^revolution_nn
rich,adj,n,weaksubj,_jj,^rich_jj
riches,noun,n,weaksubj,_nn,^riches_nn
richly,adverb,n,strongsubj,_rb,^richly_rb
richness,noun,n,strongsubj,_nn,^richness_nn
right,adj,n,weaksubj,_jj,^right_jj
right,noun,n,weaksubj,_nn,^right_nn
righteous,adj,n,strongsubj,_jj,^righteous_jj
righteousness,noun,n,strongsubj,_nn,^righteousness_nn
rightful,adj,n,strongsubj,_jj,^rightful_jj
rightfully,adverb,n,strongsubj,_rb,^rightfully_rb
rightness,adj,n,strongsubj,_jj,^rightness_jj
rightness,noun,n,strongsubj,_nn,^rightness_nn
rights,adj,n,weaksubj,_jj,^rights_jj
rights,noun,n,weaksubj,_nn,^rights_nn
ripe,adj,n,weaksubj,_jj,^ripe_jj
risk-free,adj,n,weaksubj,_jj,^risk-free_jj
robust,adj,n,weaksubj,_jj,^robust_jj
rosy,adj,n,strongsubj,_jj,^rosy_jj
rousing,adj,n,strongsubj,_jj,^rousing_jj
sacred,adj,n,strongsubj,_jj,^sacred_jj
safe,adj,n,weaksubj,_jj,^safe_jj
sagacity,noun,n,strongsubj,_nn,^sagacity_nn
sage,adj,n,strongsubj,_jj,^sage_jj
sagely,adverb,n,strongsubj,_rb,^sagely_rb
saint,noun,n,strongsubj,_nn,^saint_nn
saintliness,noun,n,strongsubj,_nn,^saintliness_nn
saintly,adj,n,strongsubj,_jj,^saintly_jj
salable,adj,n,weaksubj,_jj,^salable_jj
salutary,adj,n,strongsubj,_jj,^salutary_jj
salvation,noun,n,strongsubj,_nn,^salvation_nn
sanctity,noun,n,strongsubj,_nn,^sanctity_nn
sanctuary,adj,n,strongsubj,_jj,^sanctuary_jj
sanctuary,noun,n,strongsubj,_nn,^sanctuary_nn
sanguine,adj,n,strongsubj,_jj,^sanguine_jj
sane,adj,n,strongsubj,_jj,^sane_jj
sanity,adj,n,strongsubj,_jj,^sanity_jj
sanity,noun,n,strongsubj,_nn,^sanity_nn
satisfaction,adj,n,strongsubj,_jj,^satisfaction_jj
satisfaction,noun,n,strongsubj,_nn,^satisfaction_nn
satisfactorily,adverb,n,strongsubj,_rb,^satisfactorily_rb
satisfactory,adj,n,strongsubj,_jj,^satisfactory_jj
satisfying,adj,n,weaksubj,_jj,^satisfying_jj
savvy,adj,n,strongsubj,_jj,^savvy_jj
scenic,adj,n,weaksubj,_jj,^scenic_jj
scruples,noun,n,strongsubj,_nn,^scruples_nn
scrupulous,adj,n,strongsubj,_jj,^scrupulous_jj
seamless,adj,n,strongsubj,_jj,^seamless_jj
seasoned,adj,n,weaksubj,_jj,^seasoned_jj
secure,adj,n,weaksubj,_jj,^secure_jj
securely,adverb,n,weaksubj,_rb,^securely_rb
security,adj,n,weaksubj,_jj,^security_jj
security,noun,n,weaksubj,_nn,^security_nn
seductive,adj,n,strongsubj,_jj,^seductive_jj
selective,adj,n,weaksubj,_jj,^selective_jj
self-determination,adj,n,strongsubj,_jj,^self-determination_jj
self-determination,noun,n,strongsubj,_nn,^self-determination_nn
self-respect,noun,n,strongsubj,_nn,^self-respect_nn
self-satisfaction,adj,n,strongsubj,_jj,^self-satisfaction_jj
self-satisfaction,noun,n,strongsubj,_nn,^self-satisfaction_nn
self-sufficiency,adj,n,weaksubj,_jj,^self-sufficiency_jj
self-sufficiency,noun,n,weaksubj,_nn,^self-sufficiency_nn
self-sufficient,adj,n,weaksubj,_jj,^self-sufficient_jj
semblance,noun,n,weaksubj,_nn,^semblance_nn
sensation,adj,n,strongsubj,_jj,^sensation_jj
sensation,noun,n,strongsubj,_nn,^sensation_nn
sensations,adj,n,strongsubj,_jj,^sensations_jj
sensations,noun,n,strongsubj,_nn,^sensations_nn
sense,adj,n,weaksubj,_jj,^sense_jj
sense,noun,n,weaksubj,_nn,^sense_nn
sensitive,adj,n,weaksubj,_jj,^sensitive_jj
sensitive,noun,n,weaksubj,_nn,^sensitive_nn
sensitivity,adj,n,strongsubj,_jj,^sensitivity_jj
sensitivity,noun,n,strongsubj,_nn,^sensitivity_nn
sentiment,adj,n,strongsubj,_jj,^sentiment_jj
sentiment,noun,n,strongsubj,_nn,^sentiment_nn
serene,adj,n,strongsubj,_jj,^serene_jj
serenity,noun,n,strongsubj,_nn,^serenity_nn
settle,adj,n,weaksubj,_jj,^settle_jj
sexy,adj,n,strongsubj,_jj,^sexy_jj
shelter,noun,n,weaksubj,_nn,^shelter_nn
shiny,adj,n,weaksubj,_jj,^shiny_jj
shrewd,adj,n,strongsubj,_jj,^shrewd_jj
shrewdly,adverb,n,strongsubj,_rb,^shrewdly_rb
shrewdness,noun,n,strongsubj,_nn,^shrewdness_nn
significant,adj,n,weaksubj,_jj,^significant_jj
significance,noun,n,weaksubj,_nn,^significance_nn
simple,adj,n,weaksubj,_jj,^simple_jj
simplicity,noun,n,strongsubj,_nn,^simplicity_nn
simplified,adj,n,weaksubj,_jj,^simplified_jj
sincere,adj,n,strongsubj,_jj,^sincere_jj
sincerity,adj,n,weaksubj,_jj,^sincerity_jj
sincerity,noun,n,weaksubj,_nn,^sincerity_nn
skill,noun,n,weaksubj,_nn,^skill_nn
skilled,adj,n,weaksubj,_jj,^skilled_jj
skillful,adj,n,strongsubj,_jj,^skillful_jj
skillful,noun,n,strongsubj,_nn,^skillful_nn
skillfully,adverb,n,strongsubj,_rb,^skillfully_rb
sleek,adj,n,weaksubj,_jj,^sleek_jj
slender,adj,n,weaksubj,_jj,^slender_jj
slim,adj,n,weaksubj,_jj,^slim_jj
slim,noun,n,weaksubj,_nn,^slim_nn
smart,adj,n,strongsubj,_jj,^smart_jj
smarter,adj,n,strongsubj,_jj,^smarter_jj
smile,noun,n,strongsubj,_nn,^smile_nn
smiling,adj,n,strongsubj,_jj,^smiling_jj
smilingly,adverb,n,strongsubj,_rb,^smilingly_rb
smooth,adj,n,weaksubj,_jj,^smooth_jj
sociable,adj,n,strongsubj,_jj,^sociable_jj
soft-spoken,adj,n,weaksubj,_jj,^soft-spoken_jj
soften,adj,n,strongsubj,_jj,^soften_jj
soften,noun,n,strongsubj,_nn,^soften_nn
solicitude,noun,n,strongsubj,_nn,^solicitude_nn
solid,adj,n,weaksubj,_jj,^solid_jj
solid,noun,n,weaksubj,_nn,^solid_nn
solidarity,adj,n,strongsubj,_jj,^solidarity_jj
solidarity,noun,n,strongsubj,_nn,^solidarity_nn
sophisticated,adj,n,strongsubj,_jj,^sophisticated_jj
sound,adj,n,weaksubj,_jj,^sound_jj
soundness,noun,n,weaksubj,_nn,^soundness_nn
spacious,adj,n,weaksubj,_jj,^spacious_jj
sparing,adj,n,weaksubj,_jj,^sparing_jj
sparingly,adverb,n,weaksubj,_rb,^sparingly_rb
sparkling,adj,n,weaksubj,_jj,^sparkling_jj
special,adj,n,weaksubj,_jj,^special_jj
spectacular,adj,n,strongsubj,_jj,^spectacular_jj
speedy,adj,n,weaksubj,_jj,^speedy_jj
spirit,adj,n,weaksubj,_jj,^spirit_jj
spirit,noun,n,weaksubj,_nn,^spirit_nn
spirited,adj,n,weaksubj,_jj,^spirited_jj
spiritual,adj,n,strongsubj,_jj,^spiritual_jj
spiritual,noun,n,strongsubj,_nn,^spiritual_nn
splendid,adj,n,strongsubj,_jj,^splendid_jj
splendor,noun,n,strongsubj,_nn,^splendor_nn
spotless,adj,n,strongsubj,_jj,^spotless_jj
sprightly,adj,n,strongsubj,_jj,^sprightly_jj
squarely,adj,n,strongsubj,_jj,^squarely_jj
stability,adj,n,weaksubj,_jj,^stability_jj
stability,noun,n,weaksubj,_nn,^stability_nn
stable,adj,n,weaksubj,_jj,^stable_jj
stable,noun,n,weaksubj,_nn,^stable_nn
stainless,adj,n,weaksubj,_jj,^stainless_jj
star,adj,n,strongsubj,_jj,^star_jj
star,noun,n,strongsubj,_nn,^star_nn
stars,adj,n,strongsubj,_jj,^stars_jj
stars,noun,n,strongsubj,_nn,^stars_nn
stately,adj,n,strongsubj,_jj,^stately_jj
statuesque,adj,n,strongsubj,_jj,^statuesque_jj
staunch,adj,n,strongsubj,_jj,^staunch_jj
staunchness,noun,n,strongsubj,_nn,^staunchness_nn
steadfast,adj,n,strongsubj,_jj,^steadfast_jj
steadfastly,adverb,n,strongsubj,_rb,^steadfastly_rb
steadfastness,noun,n,strongsubj,_nn,^steadfastness_nn
steadiness,noun,n,weaksubj,_nn,^steadiness_nn
steady,adj,n,weaksubj,_jj,^steady_jj
stellar,adj,n,strongsubj,_jj,^stellar_jj
stimulative,adj,n,weaksubj,_jj,^stimulative_jj
stirring,adj,n,strongsubj,_jj,^stirring_jj
straight,adj,n,weaksubj,_jj,^straight_jj
straightforward,adj,n,strongsubj,_jj,^straightforward_jj
streamlined,adj,n,weaksubj,_jj,^streamlined_jj
stride,adj,n,strongsubj,_jj,^stride_jj
stride,noun,n,strongsubj,_nn,^stride_nn
strides,adj,n,weaksubj,_jj,^strides_jj
strides,noun,n,weaksubj,_nn,^strides_nn
striking,adj,n,strongsubj,_jj,^striking_jj
striving,adj,n,strongsubj,_jj,^striving_jj
striving,noun,n,strongsubj,_nn,^striving_nn
strong,adj,n,weaksubj,_jj,^strong_jj
studious,adj,n,strongsubj,_jj,^studious_jj
studiously,adverb,n,strongsubj,_rb,^studiously_rb
stunned,adj,n,strongsubj,_jj,^stunned_jj
stunning,adj,n,strongsubj,_jj,^stunning_jj
stupendous,adj,n,strongsubj,_jj,^stupendous_jj
sturdy,adj,n,weaksubj,_jj,^sturdy_jj
stylish,adj,n,strongsubj,_jj,^stylish_jj
stylishly,adverb,n,strongsubj,_rb,^stylishly_rb
suave,adj,n,strongsubj,_jj,^suave_jj
sublime,adj,n,strongsubj,_jj,^sublime_jj
substantial,adj,n,weaksubj,_jj,^substantial_jj
substantially,adverb,n,weaksubj,_rb,^substantially_rb
substantive,adj,n,weaksubj,_jj,^substantive_jj
subtle,adj,n,weaksubj,_jj,^subtle_jj
success,adj,n,weaksubj,_jj,^success_jj
success,noun,n,weaksubj,_nn,^success_nn
successful,adj,n,weaksubj,_jj,^successful_jj
successfully,adverb,n,weaksubj,_rb,^successfully_rb
sufficient,adj,n,weaksubj,_jj,^sufficient_jj
sufficiently,adverb,n,weaksubj,_rb,^sufficiently_rb
suggestions,adj,n,weaksubj,_jj,^suggestions_jj
suggestions,noun,n,weaksubj,_nn,^suggestions_nn
suitable,adj,n,weaksubj,_jj,^suitable_jj
sumptuous,adj,n,strongsubj,_jj,^sumptuous_jj
sumptuously,adverb,n,strongsubj,_rb,^sumptuously_rb
sumptuousness,noun,n,strongsubj,_nn,^sumptuousness_nn
sunny,adj,n,weaksubj,_jj,^sunny_jj
superior,adj,n,weaksubj,_jj,^superior_jj
superlative,adj,n,strongsubj,_jj,^superlative_jj
support,adj,n,strongsubj,_jj,^support_jj
support,noun,n,strongsubj,_nn,^support_nn
supporter,adj,n,strongsubj,_jj,^supporter_jj
supporter,noun,n,strongsubj,_nn,^supporter_nn
supportive,adj,n,strongsubj,_jj,^supportive_jj
supportive,noun,n,strongsubj,_nn,^supportive_nn
supreme,adj,n,strongsubj,_jj,^supreme_jj
supremely,adverb,n,strongsubj,_rb,^supremely_rb
supurb,adj,n,strongsubj,_jj,^supurb_jj
surge,noun,n,strongsubj,_nn,^surge_nn
surging,adj,n,strongsubj,_jj,^surging_jj
survival,noun,n,weaksubj,_nn,^survival_nn
survivor,noun,n,weaksubj,_nn,^survivor_nn
sustainability,adj,n,weaksubj,_jj,^sustainability_jj
sustainability,noun,n,weaksubj,_nn,^sustainability_nn
sustainable,adj,n,weaksubj,_jj,^sustainable_jj
sustainable,noun,n,weaksubj,_nn,^sustainable_nn
sustained,adj,n,weaksubj,_jj,^sustained_jj
sweeping,adj,n,strongsubj,_jj,^sweeping_jj
sweet,adj,n,weaksubj,_jj,^sweet_jj
sweetheart,noun,n,weaksubj,_nn,^sweetheart_nn
sweetly,adverb,n,weaksubj,_rb,^sweetly_rb
sweetness,noun,n,weaksubj,_nn,^sweetness_nn
swift,adj,n,weaksubj,_jj,^swift_jj
swiftness,noun,n,weaksubj,_nn,^swiftness_nn
sworn,adj,n,strongsubj,_jj,^sworn_jj
tact,noun,n,strongsubj,_nn,^tact_nn
talent,adj,n,strongsubj,_jj,^talent_jj
talent,noun,n,strongsubj,_nn,^talent_nn
talented,adj,n,strongsubj,_jj,^talented_jj
taste,noun,n,weaksubj,_nn,^taste_nn
temperance,noun,n,weaksubj,_nn,^temperance_nn
temperate,adj,n,weaksubj,_jj,^temperate_jj
tenacious,adj,n,strongsubj,_jj,^tenacious_jj
tenacity,noun,n,strongsubj,_nn,^tenacity_nn
tender,adj,n,weaksubj,_jj,^tender_jj
tenderly,adverb,n,weaksubj,_rb,^tenderly_rb
tenderness,noun,n,weaksubj,_nn,^tenderness_nn
terrific,adj,n,strongsubj,_jj,^terrific_jj
terrified,adj,n,strongsubj,_jj,^terrified_jj
terrifying,adj,n,strongsubj,_jj,^terrifying_jj
thinkable,adj,n,strongsubj,_jj,^thinkable_jj
thinkable,noun,n,strongsubj,_nn,^thinkable_nn
thorough,adj,n,weaksubj,_jj,^thorough_jj
thoughtful,adj,n,strongsubj,_jj,^thoughtful_jj
thoughtfully,adverb,n,strongsubj,_rb,^thoughtfully_rb
thoughtfulness,noun,n,strongsubj,_nn,^thoughtfulness_nn
thrift,noun,n,weaksubj,_nn,^thrift_nn
thrifty,adj,n,weaksubj,_jj,^thrifty_jj
thrill,noun,n,strongsubj,_nn,^thrill_nn
thrills,noun,n,strongsubj,_nn,^thrills_nn
thriving,adj,n,weaksubj,_jj,^thriving_jj
tidy,adj,n,strongsubj,_jj,^tidy_jj
time-honored,adj,n,strongsubj,_jj,^time-honored_jj
timely,adj,n,weaksubj,_jj,^timely_jj
togetherness,noun,n,strongsubj,_nn,^togetherness_nn
tolerable,adj,n,strongsubj,_jj,^tolerable_jj
tolerably,adverb,n,strongsubj,_rb,^tolerably_rb
tolerance,adj,n,strongsubj,_jj,^tolerance_jj
tolerance,noun,n,strongsubj,_nn,^tolerance_nn
tolerant,adj,n,weaksubj,_jj,^tolerant_jj
toleration,noun,n,weaksubj,_nn,^toleration_nn
top,adj,n,weaksubj,_jj,^top_jj
tradition,noun,n,weaksubj,_nn,^tradition_nn
traditional,adj,n,weaksubj,_jj,^traditional_jj
tranquil,adj,n,strongsubj,_jj,^tranquil_jj
tranquility,adj,n,strongsubj,_jj,^tranquility_jj
tranquility,noun,n,strongsubj,_nn,^tranquility_nn
treat,noun,n,weaksubj,_nn,^treat_nn
trendy,adj,n,strongsubj,_jj,^trendy_jj
trepidation,noun,n,strongsubj,_nn,^trepidation_nn
tribute,noun,n,strongsubj,_nn,^tribute_nn
trim,adj,n,weaksubj,_jj,^trim_jj
triumph,noun,n,strongsubj,_nn,^triumph_nn
triumphal,adj,n,strongsubj,_jj,^triumphal_jj
triumphant,adj,n,strongsubj,_jj,^triumphant_jj
truculent,adj,n,strongsubj,_jj,^truculent_jj
trust,adj,n,weaksubj,_jj,^trust_jj
trust,noun,n,weaksubj,_nn,^trust_nn
trustworthiness,noun,n,strongsubj,_nn,^trustworthiness_nn
trustworthy,adj,n,strongsubj,_jj,^trustworthy_jj
truthful,adj,n,strongsubj,_jj,^truthful_jj
truthfully,adverb,n,strongsubj,_rb,^truthfully_rb
truthfulness,noun,n,strongsubj,_nn,^truthfulness_nn
ultra,adj,n,strongsubj,_jj,^ultra_jj
unabashed,adj,n,strongsubj,_jj,^unabashed_jj
unanimous,adj,n,strongsubj,_jj,^unanimous_jj
unassailable,adj,n,strongsubj,_jj,^unassailable_jj
unassailable,noun,n,strongsubj,_nn,^unassailable_nn
unbiased,adj,n,weaksubj,_jj,^unbiased_jj
unbound,adj,n,weaksubj,_jj,^unbound_jj
unbroken,adj,n,weaksubj,_jj,^unbroken_jj
uncommon,adj,n,strongsubj,_jj,^uncommon_jj
unconcerned,adj,n,strongsubj,_jj,^unconcerned_jj
unconditional,adj,n,weaksubj,_jj,^unconditional_jj
unconventional,adj,n,weaksubj,_jj,^unconventional_jj
undaunted,adj,n,strongsubj,_jj,^undaunted_jj
understandable,adj,n,strongsubj,_jj,^understandable_jj
understanding,adj,n,weaksubj,_jj,^understanding_jj
understanding,noun,n,weaksubj,_nn,^understanding_nn
understood,verb,n,strongsubj,_vb,^understood_vb
undisputed,adj,n,weaksubj,_jj,^undisputed_jj
undoubted,adj,n,strongsubj,_jj,^undoubted_jj
undoubtedly,adverb,n,strongsubj,_rb,^undoubtedly_rb
unencumbered,adj,n,weaksubj,_jj,^unencumbered_jj
unfettered,adj,n,strongsubj,_jj,^unfettered_jj
unforgettable,adj,n,strongsubj,_jj,^unforgettable_jj
uniform,adj,n,weaksubj,_jj,^uniform_jj
uniformly,adverb,n,weaksubj,_rb,^uniformly_rb
unique,adj,n,weaksubj,_jj,^unique_jj
unity,adj,n,weaksubj,_jj,^unity_jj
unity,noun,n,weaksubj,_nn,^unity_nn
universal,adj,n,weaksubj,_jj,^universal_jj
unlimited,adj,n,weaksubj,_jj,^unlimited_jj
unparalleled,adj,n,strongsubj,_jj,^unparalleled_jj
unpretentious,adj,n,strongsubj,_jj,^unpretentious_jj
unrestricted,adj,n,weaksubj,_jj,^unrestricted_jj
unscathed,adj,n,weaksubj,_jj,^unscathed_jj
unselfish,adj,n,strongsubj,_jj,^unselfish_jj
untouched,adj,n,weaksubj,_jj,^untouched_jj
untrained,adj,n,weaksubj,_jj,^untrained_jj
upbeat,adj,n,strongsubj,_jj,^upbeat_jj
upfront,adj,n,weaksubj,_jj,^upfront_jj
upheld,verb,n,strongsubj,_vb,^upheld_vb
uphold,verb,n,strongsubj,_vb,^uphold_vb
upliftment,adj,n,strongsubj,_jj,^upliftment_jj
upliftment,noun,n,strongsubj,_nn,^upliftment_nn
upright,adj,n,weaksubj,_jj,^upright_jj
upscale,adj,n,weaksubj,_jj,^upscale_jj
upside,adj,n,strongsubj,_jj,^upside_jj
upside,noun,n,strongsubj,_nn,^upside_nn
upward,adj,n,weaksubj,_jj,^upward_jj
usable,adj,n,weaksubj,_jj,^usable_jj
useful,adj,n,weaksubj,_jj,^useful_jj
usefulness,noun,n,weaksubj,_nn,^usefulness_nn
utilitarian,adj,n,weaksubj,_jj,^utilitarian_jj
utmost,adj,n,strongsubj,_jj,^utmost_jj
uttermost,adj,n,strongsubj,_jj,^uttermost_jj
valiant,adj,n,strongsubj,_jj,^valiant_jj
valid,adj,n,weaksubj,_jj,^valid_jj
validity,noun,n,weaksubj,_nn,^validity_nn
valor,noun,n,strongsubj,_nn,^valor_nn
valuable,adj,n,weaksubj,_jj,^valuable_jj
values,adj,n,weaksubj,_jj,^values_jj
values,noun,n,weaksubj,_nn,^values_nn
vast,adj,n,weaksubj,_jj,^vast_jj
vastly,adverb,n,weaksubj,_rb,^vastly_rb
vastness,adverb,n,weaksubj,_rb,^vastness_rb
venerable,adj,n,strongsubj,_jj,^venerable_jj
venerably,adverb,n,strongsubj,_rb,^venerably_rb
verifiable,adj,n,weaksubj,_jj,^verifiable_jj
veritable,adj,n,strongsubj,_jj,^veritable_jj
versatile,adj,n,weaksubj,_jj,^versatile_jj
versatility,noun,n,weaksubj,_nn,^versatility_nn
viable,adj,n,weaksubj,_jj,^viable_jj
viability,noun,n,weaksubj,_nn,^viability_nn
vibrant,adj,n,strongsubj,_jj,^vibrant_jj
victorious,adj,n,weaksubj,_jj,^victorious_jj
victory,adj,n,weaksubj,_jj,^victory_jj
victory,noun,n,weaksubj,_nn,^victory_nn
vigilance,noun,n,weaksubj,_nn,^vigilance_nn
vigilant,adj,n,weaksubj,_jj,^vigilant_jj
vigilant,noun,n,weaksubj,_nn,^vigilant_nn
vigorous,adj,n,weaksubj,_jj,^vigorous_jj
vigorously,adverb,n,weaksubj,_rb,^vigorously_rb
vintage,adj,n,weaksubj,_jj,^vintage_jj
virtue,noun,n,strongsubj,_nn,^virtue_nn
virtuous,adj,n,strongsubj,_jj,^virtuous_jj
virtuously,adverb,n,strongsubj,_rb,^virtuously_rb
visionary,adj,n,strongsubj,_jj,^visionary_jj
vital,adj,n,strongsubj,_jj,^vital_jj
vitality,adj,n,strongsubj,_jj,^vitality_jj
vitality,noun,n,strongsubj,_nn,^vitality_nn
vivacious,adj,n,strongsubj,_jj,^vivacious_jj
vivid,adj,n,strongsubj,_jj,^vivid_jj
voluntarily,adverb,n,weaksubj,_rb,^voluntarily_rb
voluntary,adj,n,weaksubj,_jj,^voluntary_jj
vulnerable,adj,n,strongsubj,_jj,^vulnerable_jj
vulnerable,noun,n,strongsubj,_nn,^vulnerable_nn
warm,adj,n,weaksubj,_jj,^warm_jj
warmhearted,adj,n,strongsubj,_jj,^warmhearted_jj
warmly,adverb,n,strongsubj,_rb,^warmly_rb
warmth,noun,n,weaksubj,_nn,^warmth_nn
wealthy,adj,n,weaksubj,_jj,^wealthy_jj
welcome,adj,n,strongsubj,_jj,^welcome_jj
welcome,noun,n,strongsubj,_nn,^welcome_nn
welfare,adj,n,weaksubj,_jj,^welfare_jj
welfare,noun,n,weaksubj,_nn,^welfare_nn
well,adj,n,weaksubj,_jj,^well_jj
well,adverb,n,weaksubj,_rb,^well_rb
well-being,adj,n,strongsubj,_jj,^well-being_jj
well-being,noun,n,strongsubj,_nn,^well-being_nn
well-connected,adj,n,strongsubj,_jj,^well-connected_jj
well-educated,adj,n,weaksubj,_jj,^well-educated_jj
well-established,adj,n,weaksubj,_jj,^well-established_jj
well-informed,adj,n,strongsubj,_jj,^well-informed_jj
well-intentioned,adj,n,strongsubj,_jj,^well-intentioned_jj
well-managed,adj,n,strongsubj,_jj,^well-managed_jj
well-positioned,adj,n,weaksubj,_jj,^well-positioned_jj
well-publicized,adj,n,weaksubj,_jj,^well-publicized_jj
well-received,adj,n,strongsubj,_jj,^well-received_jj
well-regarded,adj,n,strongsubj,_jj,^well-regarded_jj
well-run,adj,n,strongsubj,_jj,^well-run_jj
well-wishers,adj,n,strongsubj,_jj,^well-wishers_jj
well-wishers,noun,n,strongsubj,_nn,^well-wishers_nn
wellbeing,adj,n,strongsubj,_jj,^wellbeing_jj
wellbeing,noun,n,strongsubj,_nn,^wellbeing_nn
whimsical,adj,n,strongsubj,_jj,^whimsical_jj
white,adj,n,weaksubj,_jj,^white_jj
wholesome,adj,n,strongsubj,_jj,^wholesome_jj
wide,adj,n,weaksubj,_jj,^wide_jj
wide-open,adj,n,weaksubj,_jj,^wide-open_jj
wide-ranging,adj,n,weaksubj,_jj,^wide-ranging_jj
will,adj,n,strongsubj,_jj,^will_jj
will,noun,n,strongsubj,_nn,^will_nn
willful,adj,n,strongsubj,_jj,^willful_jj
willfully,adj,n,strongsubj,_jj,^willfully_jj
willing,adj,n,strongsubj,_jj,^willing_jj
willingness,adj,n,strongsubj,_jj,^willingness_jj
willingness,noun,n,strongsubj,_nn,^willingness_nn
wink,adj,n,strongsubj,_jj,^wink_jj
wink,noun,n,strongsubj,_nn,^wink_nn
winnable,adj,n,strongsubj,_jj,^winnable_jj
winnable,noun,n,strongsubj,_nn,^winnable_nn
winners,adj,n,strongsubj,_jj,^winners_jj
winners,noun,n,strongsubj,_nn,^winners_nn
wisdom,adj,n,strongsubj,_jj,^wisdom_jj
wisdom,noun,n,strongsubj,_nn,^wisdom_nn
wise,adj,n,strongsubj,_jj,^wise_jj
wise,noun,n,strongsubj,_nn,^wise_nn
wisely,adverb,n,strongsubj,_rb,^wisely_rb
wish,adj,n,strongsubj,_jj,^wish_jj
wish,noun,n,strongsubj,_nn,^wish_nn
wishes,adj,n,strongsubj,_jj,^wishes_jj
wishes,noun,n,strongsubj,_nn,^wishes_nn
wishing,adj,n,strongsubj,_jj,^wishing_jj
wishing,noun,n,strongsubj,_nn,^wishing_nn
witty,adj,n,strongsubj,_jj,^witty_jj
wonderful,adj,n,strongsubj,_jj,^wonderful_jj
wonderous,adj,n,strongsubj,_jj,^wonderous_jj
workable,adj,n,strongsubj,_jj,^workable_jj
world-famous,adj,n,strongsubj,_jj,^world-famous_jj
worth,adj,n,strongsubj,_jj,^worth_jj
worth,noun,n,strongsubj,_nn,^worth_nn
worth-while,adj,n,strongsubj,_jj,^worth-while_jj
worthiness,adj,n,strongsubj,_jj,^worthiness_jj
worthwhile,adj,n,strongsubj,_jj,^worthwhile_jj
worthy,adj,n,strongsubj,_jj,^worthy_jj
wry,adj,n,strongsubj,_jj,^wry_jj
yearning,noun,n,strongsubj,_nn,^yearning_nn
youthful,adj,n,weaksubj,_jj,^youthful_jj
zeal,noun,n,strongsubj,_nn,^zeal_nn
zenith,noun,n,strongsubj,_nn,^zenith_nn
zest,noun,n,strongsubj,_nn,^zest_nn
